ar,hlutf_vinnandi,hlutf_atvinnulaus,hlutf_vinnuafli,land,innfluttir,utfluttir,haelisumsoknir,nyir_innlendir_rikisborgarar,erlendir_rikisborgarar_samtals,samthykkt,hafnad
2000,0.644,0.067,0.69,Ástralía,5.794899752490987,0.47911581611916504,0.6604724774581184,3.8147961180110026,231.6777482891461,NA,NA
2001,0.64,0.073,0.69,Ástralía,6.72607061453249,0.5526415169812491,0.6259500471628587,4.250649595031331,232.34290378875397,NA,NA
2002,0.645,0.068,0.6920000000000001,Ástralía,6.153716733495049,0,0.29781674575447,4.493514047809692,232.44479028438266,NA,NA
2003,0.649,0.064,0.693,Ástralía,6.317208124625362,0,0.21642193189838696,4.146346051874228,235.9029482518833,NA,NA
2004,0.66,0.055,0.6990000000000001,Ástralía,7.458288938159074,1.4354788071594036,0.1595868341514019,4.47831460249132,238.27553507243016,NA,NA
2005,0.674,0.053,0.7120000000000001,Ástralía,8.221652504227123,1.3686977011865682,0.15740816551884923,4.721600662620973,241.55908624758163,NA,NA
2006,0.679,0.051,0.715,Ástralía,8.722081881119944,1.4123538223084426,0.17084767536164305,5.172078424070531,245.88373967273722,NA,NA
2007,0.6859999999999999,0.049,0.721,Ástralía,9.13272768249779,1.41898100512867,0.18984404460576443,6.691882539446894,251.10403866557596,NA,NA
2008,0.698,0.046,0.732,Ástralía,9.62106854004238,1.446595704619266,0.2236319590211377,5.745863644083713,257.6318288515252,NA,NA
2009,0.6829999999999999,0.067,0.732,Ástralía,10.132699430513663,1.2687368731188904,0.28582422925537304,4.0248661547370315,263.96835686058597,NA,NA
2010,0.6920000000000001,0.055,0.733,Ástralía,9.199904683014285,1.3251330466258922,0.37418725248788676,5.43928648427837,266.72779057496564,NA,NA
2011,0.705,0.052000000000000005,0.7440000000000001,Ástralía,9.252228198143387,1.3921202591366955,0.5149949704619834,4.265169992655335,268.9809106740441,NA,NA
2012,0.7,0.054000000000000006,0.74,Ástralía,10.389529268855409,1.3071038664805388,0.6773714433765375,3.6757704995696874,272.89944581699274,NA,NA
2013,0.6970000000000001,0.059000000000000004,0.741,Ástralía,10.588232191198864,1.365782766085402,0.4884095898980847,5.302893286352735,276.6129504033811,NA,NA
2014,0.696,0.061,0.741,Ástralía,9.964905817874715,1.385007449835545,0.34742328722577054,6.9390091518518355,279.36095243393527,NA,NA
2015,0.6990000000000001,0.062,0.746,Ástralía,9.388816213641295,1.3856234014157294,0.4753528038614385,5.729216856150667,282.01803031953943,NA,NA
2016,0.703,0.06,0.747,Ástralía,9.026160118758673,1.3310786569515562,1.109053083458177,5.49871900214407,285.1240757529265,NA,NA
2017,0.708,0.059000000000000004,0.752,Ástralía,9.102563789892308,0,1.3058362253910882,5.598723023381159,289.58257627675306,NA,NA
2018,0.72,0.055,0.762,Ástralía,7.468211587159876,0,1.0516482453769587,3.2252734373498964,292.92564515075395,NA,NA
2019,0.723,0.055,0.765,Ástralía,6.670570882108923,0,1.0339534675602864,5.0322984797016606,296.27199989592265,NA,NA
2020,0.71,0.071,0.764,Ástralía,5.345563878661285,0,0.7236526207430142,7.951032463096267,297.2985101505387,NA,NA
2021,0.742,0.053,0.784,Ástralía,0,0,0.4284691567868419,0,292.05682368214457,NA,NA
2000,0.49700000000000005,0.158,0.59,Belgía,4.822437699530603,2.854091799758605,4.151104738769829,5.3645180922867235,0,NA,NA
2001,0.47600000000000003,0.14400000000000002,0.556,Belgía,5.4322280962237075,2.5672306155277598,2.384565274472903,5.555301178594888,92.99882341744396,NA,NA
2002,0.485,0.16699999999999998,0.5820000000000001,Belgía,5.738628208876544,2.509391709861709,1.7933213152739198,3.937467766428463,95.92226992476277,NA,NA
2003,0.47100000000000003,0.17800000000000002,0.573,Belgía,5.6430480342863865,2.5703224612644595,1.6282563923158249,3.247549905407893,98.5146678000372,NA,NA
2004,0.501,0.149,0.589,Belgía,5.941100646158148,2.851321444606839,1.458478651025757,3.333418736715096,102.11173775442651,NA,NA
2005,0.502,0.17,0.605,Belgía,6.379563257250456,2.915842806355075,1.5038244073621547,3.0071716525186485,105.15299872110985,NA,NA
2006,0.501,0.17300000000000001,0.606,Belgía,6.7954397989525175,2.934881412095386,1.0858975900164922,3.019731974611953,107.27841488910268,NA,NA
2007,0.509,0.16399999999999998,0.608,Belgía,7.55263111582003,2.8940208274258796,1.0324024739638353,3.3939407856479304,105.41017482046597,NA,NA
2008,0.54,0.146,0.632,Belgía,9.892925997219788,3.8887108617236863,1.1307214880780312,3.520175955576371,111.3675698246196,0.32726497239582986,0.9444465608513035
2009,0.522,0.162,0.623,Belgía,9.490762652852805,4.228593382780232,1.5918124562242313,3.0304270884873965,111.70353572056422,0.2695318426400857,1.1485205665763103
2010,0.53,0.171,0.64,Belgía,10.515723381269247,3.980051009633348,1.996679573724743,3.164491612156075,137.9870331011935,0.3221487154113467,1.2078282321405478
2011,0.526,0.151,0.619,Belgía,11.977587720000408,4.7147362614812085,2.365281814463958,2.705570214568164,148.11086725241267,0.46163155052896154,1.360334943479925
2012,0.52,0.16899999999999998,0.625,Belgía,10.446840676170076,5.336044875615166,1.651103729503057,3.43339945940222,151.68343189599184,0.5014570263074295,1.724831465262852
2013,0.527,0.172,0.637,Belgía,9.450398933648108,6.109195361487917,1.0984237080465291,3.0533842011974257,154.93769771289666,0.5644927075721933,1.3680858294982137
2014,0.528,0.17600000000000002,0.6409999999999999,Belgía,9.405106255240488,5.69975539764743,1.1019896817271326,1.6534317586628287,156.53987046969982,0.7204973122006537,1.105567570304169
2015,0.5329999999999999,0.17,0.642,Belgía,11.404039374028894,5.22944663127752,3.289236599203771,2.3619754781654523,158.90386897722948,0.9320660438418953,0.7990408662243645
2016,0.541,0.157,0.642,Belgía,9.3531626330688,5.415757747032028,1.2432046277455615,2.7478523024739347,163.78499412527822,1.3324476319306864,0.8818058746863546
2017,0.565,0.134,0.652,Belgía,9.580247070225335,5.134248314907612,1.1785095198457036,3.210656439935533,165.80866767978836,1.1089003594211724,1.0115356476881256
2018,0.583,0.115,0.659,Belgía,10.463497063244164,4.956970257126171,1.523622951768455,3.0746053487715437,168.49305578696112,0.8488443265104255,0.8216602623349883
2019,0.5870000000000001,0.10400000000000001,0.655,Belgía,11.24574606070848,4.046493363344324,1.9717287253742206,3.427318196796499,172.20354556957355,0.5697074591457372,0.9304640201821267
2020,0.575,0.11,0.645,Belgía,8.764451498739282,4.462177514122349,1.0997712858103519,2.766678676812198,178.53793945878564,0.4966568864801392,0.9272666629471715
2021,0.594,0.11,0.6679999999999999,Belgía,0,0,1.646813297249151,0,179.52645353454608,0.793326878806227,1.0287714080318613
2008,0.708,0.07,0.762,Kanada,7.436253572414908,0,1.0451732989307525,5.311648366032809,0,NA,NA
2009,0.685,0.10099999999999999,0.762,Kanada,7.4953102086762,0,1.010083738998858,4.648978207580118,0,NA,NA
2010,0.688,0.098,0.762,Kanada,8.247608160108976,0,0.6628164555984877,4.221657656344651,0,NA,NA
2011,0.69,0.08800000000000001,0.7559999999999999,Kanada,7.236105493968897,0,0.7272710753105012,5.225320658575496,196.92770341923986,NA,NA
2012,0.701,0.084,0.765,Kanada,7.420215265086454,0,0.58875005177993045,3.2238083860845275,0,NA,NA
2013,0.706,0.08199999999999999,0.769,Kanada,7.3768588585784425,0,0.290910508847117,3.632561841856304,0,NA,NA
2014,0.701,0.08,0.762,Kanada,7.338764783625,0,0.342349834292465,7.314440224017342,0,NA,NA
2015,0.7090000000000001,0.075,0.767,Kanada,7.604002452685367,0,0.409462444907849,7.030463737015483,0,NA,NA
2016,0.7170000000000001,0.076,0.7759999999999999,Kanada,8.199507237530126,0,0.6486384035309058,4.07538329193101,177.74220940884595,NA,NA
2017,0.728,0.068,0.7809999999999999,Kanada,7.831526932812803,0,1.3376572530548168,2.893482477442477,0,NA,NA
2018,0.723,0.064,0.773,Kanada,8.646574226029003,0,1.4098173904044033,4.751884549890673,0,NA,NA
2019,0.732,0.063,0.7809999999999999,Kanada,9.062070575882757,0,1.3129623685182639,6.644968794903783,0,NA,NA
2020,0.685,0.10800000000000001,0.768,Kanada,4.845124788877753,0,0.37363419246062357,2.9079687350311025,0,NA,NA
2021,0.733,0.085,0.8009999999999999,Kanada,0,0,0.4372209585351796,0,0,NA,NA
2000,0.649,0.08800000000000001,0.7120000000000001,Tékkland,0.3465562385331014,0.013628616122088258,0.8468237974717554,0.7925040274994322,0,NA,NA
2001,0.65,0.08,0.7070000000000001,Tékkland,0.9789526644257072,1.7778422001464762,1.7610193548790947,0.6061114658253679,0,NA,NA
2002,0.588,0.11199999999999999,0.662,Tékkland,3.7348146326935585,2.721264092312995,0.817192891441375,0.4368295974403511,0,NA,NA
2003,0.588,0.121,0.669,Tékkland,5.630265140416977,3.254571245379792,1.1103104781765227,0.326613800060402,0,NA,NA
2004,0.569,0.129,0.653,Tékkland,4.976328321473572,3.309616424068252,0.5172959568716253,0.4811440235220742,0,NA,NA
2005,0.614,0.122,0.7,Tékkland,5.723126194292567,2.129548962428714,0.3879191236506375,0.24916719529197118,0,NA,NA
2006,0.605,0.115,0.684,Tékkland,6.4404675100320015,3.0568892703615185,0.2719485993770507,0.2207147300101708,0,NA,NA
2007,0.6729999999999999,0.091,0.74,Tékkland,9.993810721218086,1.7978842528337335,0.1745669175928869,0.1756325314072719,0,NA,NA
2008,0.664,0.07,0.7140000000000001,Tékkland,7.276820830375432,0.36664553469076555,0.15944862034276755,0.1704748328138549,0,0.02061422331551114,0.11313852796420067
2009,0.6579999999999999,0.096,0.727,Tékkland,3.6294170552672584,0.8920561536910098,0.12915226928638937,0.14373551445304444,0,0.009531532788663423,0.041462167630685894
2010,0.6809999999999999,0.07200000000000001,0.733,Tékkland,2.6632444783316394,1.1835796953328186,0.09308519615446893,0.13206878187799526,0,0.016163925787803592,0.031852441993612965
2011,0.6779999999999999,0.083,0.7390000000000001,Tékkland,1.9667185942363448,0.2336931172089592,0.07202282780675627,0.171101850186421,70.67487676093909,0.030485853039896836,0.03477292612363233
2012,0.6729999999999999,0.08900000000000001,0.738,Tékkland,2.706082982231143,1.5869774597436972,0.04786243328043408,0.1801264139162261,37.08073031793026,0.016651940008103307,0.05328620802593059
2013,0.698,0.083,0.762,Tékkland,2.64548980902258,2.5769883106950155,0.045857947491508434,0.2246278299324718,36.730979108089564,0.0328236346152913,0.0542303528426552
2014,0.718,0.07,0.773,Tékkland,3.648911336224224,1.5189861871736452,0.05748337044098676,0.4583467421608598,37.4370663984236,0.03563018828986783,0.05985871632697795
2015,0.711,0.068,0.763,Tékkland,2.9910057363494933,1.4200021208501383,0.08972827508678317,0.2314344515980454,39.30098448801103,0.04363108513733643,0.08394241379683204
2016,0.735,0.061,0.7829999999999999,Tékkland,3.2838681856540726,1.266411768959547,0.1136741804574302,0.3449978249519843,40.815277658414104,0.04164582797774295,0.08234515986508266
2017,0.775,0.03,0.799,Tékkland,4.096783935371612,1.3765488653599791,0.10529272037294209,0.4366578825152325,43.720181620971516,0.013692775295135969,0.09915457972339839
2018,0.794,0.025,0.8140000000000001,Tékkland,5.239294852551609,1.5179133537792089,0.124689100666922,0.3273912311096012,43.81659691919111,0.014115747245311925,0.11621965231973486
2019,0.792,0.028999999999999998,0.816,Tékkland,5.9133080971203045,1.6237204906327711,0.14433904153627727,0.25821692170937915,47.33233333245855,0.01265309779701132,0.11809557943877232
2020,0.7929999999999999,0.03,0.818,Tékkland,5.003572378157139,2.4857583838738786,0.07009244258611207,0.22952938532198833,49.675635539859,0.009812941962055689,0.08037266749874183
2021,0.7979999999999999,0.033,0.825,Tékkland,0,0,0.0990396015560645,0,53.424246608607874,0.024759900389016126,0.06475666255588833
2000,0.603,0.086,0.659,Danmörk,4.185227708763009,2.6142216053527747,2.4339821454266395,2.4285487313540215,48.00308917693894,NA,NA
2001,0.616,0.083,0.672,Danmörk,4.516457451071711,2.756447053471824,1.915190094194636,1.5234127133814197,49.48757087193063,NA,NA
2002,0.622,0.08900000000000001,0.6829999999999999,Danmörk,3.9480821062640308,2.759266168054921,1.1231324155627154,2.001021536938608,51.15574158650827,NA,NA
2003,0.58,0.131,0.667,Danmörk,3.3976997958484354,2.9161857404271703,0.8460836794950377,0.7688632295893914,52.083522826624865,NA,NA
2004,0.594,0.125,0.679,Danmörk,3.43906522596834,2.909736155656443,0.5952406299589885,1.5089303683252742,52.63167639201604,NA,NA
2005,0.634,0.096,0.701,Danmörk,3.7031169624396556,3.000012186164715,0.3975274641071289,1.1761495338422718,52.931529633244445,NA,NA
2006,0.642,0.07400000000000001,0.6940000000000001,Danmörk,4.400350570707841,3.1700777633250268,0.35163795018075955,1.4639620783035705,52.96778933813862,NA,NA
2007,0.625,0.08199999999999999,0.6809999999999999,Danmörk,5.75107445558016,3.4761879021478115,0.3382553828140246,0.7521876199629312,65.7201257371851,NA,NA
2008,0.6609999999999999,0.071,0.7120000000000001,Danmörk,6.725970491646782,4.245200693311121,0.42758072385208146,1.100560354831881,68.6579503598273,0.13208181712516362,0.09564545378029092
2009,0.679,0.099,0.754,Danmörk,5.777215482509914,4.81461800207666,0.691917895308601,1.1771119575333806,72.42255148664512,0.14313043657863178,0.16034232452163183
2010,0.636,0.138,0.738,Danmörk,6.0178732386465,4.883817455079251,0.8955920097679957,0.5371748247913577,74.26090209655113,0.24351444374356376,0.35174308540736987
2011,0.617,0.145,0.722,Danmörk,6.198651447064555,4.771813749089252,0.6845874942696559,0.6930303208848945,76.53098984417775,0.23621951061784247,0.4095669081434835
2012,0.611,0.147,0.7170000000000001,Danmörk,6.34266348194094,5.206471711098006,1.0873290812650962,0.6373627750427996,78.50784443050355,0.3042731585433191,0.5360577116689651
2013,0.629,0.124,0.718,Danmörk,7.354535314606518,5.298296386525137,1.2672978670599546,0.30684012791364407,80.82964150518188,0.5009998602192561,0.7488254138508453
2014,0.639,0.12300000000000001,0.728,Danmörk,8.66621191587737,5.391048738421187,2.3029516186888035,0.8326655991193888,83.83165898868366,0.9716796173710073,0.46278901484276075
2015,0.636,0.122,0.725,Danmörk,10.102938389827465,5.386249662754026,3.340055945849039,0.6972098222933854,87.63323417303766,1.760195042642684,0.41209168582129874
2016,0.6679999999999999,0.114,0.754,Danmörk,9.46902203458285,6.518348643085037,1.001667232659313,2.5310702012558046,93.80140226425009,1.2446597545688185,0.5764739915897685
2017,0.65,0.106,0.727,Danmörk,8.44325353854935,7.203472359406696,0.5060154210586433,1.2442945242361423,98.40984436944576,0.41140876429124684,0.7854956364632456
2018,0.664,0.098,0.736,Danmörk,7.763960941333416,7.801266917871756,0.5716795478791985,0.4835959921636724,101.53736893037376,0.226253839190861,0.22970809627774436
2019,0.657,0.084,0.718,Danmörk,7.237816196548571,8.972972731264342,0.4170635936847801,0.3037254871947718,103.69164054931316,0.27087635466124893,0.25625763075889585
2020,0.667,0.085,0.73,Danmörk,6.463832049544945,7.147740980478897,0.23088792974552375,1.2076554540964755,104.65780778004773,0.07209883308038659,0.13218119398070877
2021,0.7,0.073,0.7559999999999999,Danmörk,0,0,0.32563050527085535,0,103.58639695230359,0.132474352538012,0.13076500605365057
2000,0.452,0.317,0.6609999999999999,Finnland,1.7599773424651235,0.7974957705484116,0.6122248296676154,0.5751320031304801,25.300591959009335,NA,NA
2001,0.574,0.23800000000000002,0.753,Finnland,2.1274073560067888,0.41576675427259613,0.31823408034494954,0.5242863104411041,26.25074571053806,NA,NA
2002,0.606,0.193,0.7509999999999999,Finnland,1.9174717984354877,0.5301313425879101,0.6620392501016229,0.5862787317919977,27.879101595624196,NA,NA
2003,0.586,0.193,0.726,Finnland,1.8093193759459505,0.43698362366463905,0.6178771957084295,0.8682124147085849,29.141896907928434,NA,NA
2004,0.557,0.231,0.725,Finnland,2.2017251533183773,0.8006621050986645,0.7384988981810663,1.3159472725940782,30.374473071185673,NA,NA
2005,0.5539999999999999,0.226,0.716,Finnland,2.429233144621719,0.5017060292407693,0.6812679895541449,1.0832809134404604,31.719372486227865,NA,NA
2006,0.598,0.18100000000000002,0.73,Finnland,2.6333648926962674,0.5151657740038197,0.44129939505524407,0.8417728994319694,33.517106807745755,NA,NA
2007,0.635,0.145,0.742,Finnland,3.3096861451705033,0.5886113442593566,0.28456796437851967,0.9121301396425108,35.53015389927126,NA,NA
2008,0.655,0.14800000000000002,0.769,Finnland,3.746378494515186,0.8461628509665565,0.7578954183368157,1.257575660622449,38.11628641408003,0.12327328011189827,0.19196755070860494
2009,0.644,0.163,0.769,Finnland,3.3877974484099345,0.7561529440609778,1.1069764427546145,0.639274213049323,40.94969962728047,0.17981343232562264,0.37367478905168455
2010,0.644,0.138,0.747,Finnland,3.3956446177858166,0.5822863025118111,0.749159898652724,0.808078397401918,43.47700435232442,0.2964570032000576,0.6134236103950876
2011,0.621,0.14,0.722,Finnland,3.788969821864969,0.618751243441311,0.5727253561067445,0.8459112680280431,46.05075616078773,0.1967235507041961,0.29230150222557433
2012,0.638,0.142,0.743,Finnland,4.309963470409036,0.7805736532934169,0.5175502547392697,1.6784365327679316,49.159331780190016,0.28814361077561057,0.28629653634756175
2013,0.634,0.14800000000000002,0.7440000000000001,Finnland,4.389246135531051,0.7786393575995477,0.5370497198461107,1.641853474229979,52.48599230553551,0.30336598348034327,0.28865732973584174
2014,0.607,0.168,0.7290000000000001,Finnland,4.329391136915141,1.0017381649423869,0.5243973870215675,1.5124030784909732,55.7131941788228,0.23162105257761273,0.19683211977939422
2015,0.593,0.175,0.718,Finnland,3.9067233528143297,1.21853561109643,5.713265814135816,1.445562464504242,58.75980558909453,0.30568326322997164,0.23359676234887383
2016,0.59,0.17600000000000002,0.716,Finnland,4.962607116594426,1.3606179975349832,0.9409864471383439,1.7060042432647406,61.35409969652231,1.2856447977243086,2.4921309985611333
2017,0.603,0.158,0.716,Finnland,4.30829694370711,1.2356103408567103,0.7597750920489764,2.21741767605405,64.9098463765627,0.622706945215768,0.6835252620225558
2018,0.622,0.141,0.7240000000000001,Finnland,4.196336704121547,1.3784725842054928,0.5067513971924704,1.6698319742907521,67.58939538847163,0.4360418999098001,0.3716781267422412
2019,0.642,0.11900000000000001,0.7290000000000001,Finnland,4.366302913736132,1.3088585655801166,0.4210732205581529,1.747318035245187,69.96769960908105,0.3015427579480966,0.5768250354742869
2020,0.637,0.135,0.737,Finnland,4.2017923717050865,1.1901521734609266,0.24956845454734522,1.4133170089039877,72.9351149145183,0.2088779456537563,0.343608741768084
2021,0.662,0.13699999999999998,0.767,Finnland,0,0,0.22739495616330566,0,62.08243247633107,0.19310524055137862,0.22468787335183776
2000,0.522,0.16699999999999998,0.627,Frakkland,1.4990420714574841,0,0.6529294959981741,2.469255549381982,66.44733830241954,NA,NA
2001,0.535,0.142,0.624,Frakkland,1.7376451151530778,0,0.7708552116036632,2.084029659842889,0,NA,NA
2002,0.53,0.142,0.617,Frakkland,2.007887404420615,0,0.8258805559004976,2.0714216725874954,0,NA,NA
2003,0.5710000000000001,0.15,0.672,Frakkland,2.189674046412927,0,0.9501988021962958,2.323351162966735,0,NA,NA
2004,0.583,0.14400000000000002,0.6809999999999999,Frakkland,2.2555640190236,0,0.9321692153084934,0,0,NA,NA
2005,0.574,0.14400000000000002,0.67,Frakkland,2.155457495631078,0,0.784773064494343,2.4521140396231615,0,NA,NA
2006,0.5720000000000001,0.142,0.667,Frakkland,2.5138103480352516,0,0.48003415370993,1.9579954419865058,103.07573629976594,NA,NA
2007,0.5870000000000001,0.131,0.6759999999999999,Frakkland,2.286689941522806,0,0.4550865438171313,1.2943454015304647,105.62237898191907,NA,NA
2008,0.595,0.12,0.6759999999999999,Frakkland,2.281502549678892,0,0.5469244357062384,2.1047453537852343,111.14464723046454,0.0803016548034875,0.4149178707419034
2009,0.573,0.151,0.675,Frakkland,2.3038312197194744,0,0.653410481422101,2.1045718953596886,111.72230163136203,0.07842228936769838,0.46913749366551905
2010,0.579,0.145,0.677,Frakkland,2.234304762825484,0,0.7421900262437368,2.2085687979848574,112.50257031580469,0.0787363051512888,0.5019825415674813
2011,0.573,0.154,0.677,Frakkland,2.159283966183458,0,0.800647536293438,1.7580690874076128,113.26367931251491,0.07098157080280326,0.5777623311773629
2012,0.5760000000000001,0.149,0.677,Frakkland,2.2908735773855504,0,0.838814758919767,1.4681131283920654,114.27615290662975,0.1321040359648345,0.7826093843588027
2013,0.569,0.162,0.679,Frakkland,3.7990621297831186,0,0.9114037292312498,1.5000161022974927,115.4657646215897,0.16284845976466367,0.7759831791308262
2014,0.564,0.166,0.6759999999999999,Frakkland,3.583855320675355,0,0.8673036700953191,1.6135541871135923,116.39634102925899,0.22345721015468625,0.8100889678058815
2015,0.555,0.17300000000000001,0.6709999999999999,Frakkland,3.6158585270468775,0,1.0924703873214439,1.7215696320084397,117.97218804905984,0.3102421650961011,0.8611907543835557
2016,0.5529999999999999,0.16699999999999998,0.664,Frakkland,3.6599529067675367,0,1.0416778661132644,1.810760264844813,120.15944922969774,0.4311084046000511,0.8807357267542263
2017,0.5660000000000001,0.154,0.669,Frakkland,3.6872275796620966,0,1.2910544474515722,1.7290261663768636,121.95931260224337,0.4868927397945622,1.171891691850078
2018,0.585,0.146,0.685,Frakkland,3.876763124764516,0,1.6096072360206517,1.631208702930087,122.6669391530327,0.4874482739839486,1.2264419057374256
2019,0.589,0.131,0.6779999999999999,Frakkland,3.992083858836734,0,2.012439862491936,1.6248577521989487,123.03184346469249,0.417779843087592,1.2731595751235414
2020,0.598,0.125,0.687,Frakkland,3.054548637562928,0,1.1895127967902164,1.2734923410196677,124.63757726003323,0.2832384839755644,0.994962160123258
2021,0.611,0.12300000000000001,0.6970000000000001,Frakkland,0,0,1.51447365609549,0,0,0.5002960946618097,1.5231121807524308
2000,0.594,0.106,0.665,Þýskaland,7.261696876207138,6.446993347074395,0.9294684937086845,2.2708258300745534,0,NA,NA
2001,0.608,0.098,0.674,Þýskaland,7.4764487341494394,5.610193262347315,1.0692662917511304,2.1626977539724805,0,NA,NA
2002,0.602,0.105,0.672,Þýskaland,7.979573587312354,6.126090823358841,0.8613807504035744,1.8735582913364657,0,NA,NA
2003,0.589,0.131,0.6779999999999999,Þýskaland,7.289792379944429,6.044647565690212,0.6119040991201523,1.7051239683440225,0,NA,NA
2004,0.578,0.145,0.6759999999999999,Þýskaland,7.290671458869177,6.620852023991196,0.4310059199478095,1.5409446292457143,0,NA,NA
2005,0.564,0.175,0.684,Þýskaland,7.020759852309379,5.8655922902623505,0.34988726306202633,1.4216299639111083,0,NA,NA
2006,0.5820000000000001,0.16699999999999998,0.6990000000000001,Þýskaland,6.60497047171748,5.455151519220051,0.254902957880667,1.5121433921518852,106.48674857268364,NA,NA
2007,0.602,0.146,0.705,Þýskaland,6.7912924762101765,5.541620268101524,0.23258591940111423,1.373927108710627,109.14544634172701,NA,NA
2008,0.629,0.12300000000000001,0.7170000000000001,Þýskaland,6.89136927946876,6.795400570529103,0.2685784185591694,1.1454255132593498,114.2490429648378,0.09584692123795688,0.13962959999913288
2009,0.621,0.131,0.715,Þýskaland,7.308304425316073,7.0263587687907405,0.33758511420703796,1.1562433625191613,114.74646111315936,0.1192274093179401,0.20872427673222593
2010,0.65,0.10800000000000001,0.7290000000000001,Þýskaland,8.2521433671714,6.4135198217746865,0.5054236808285407,1.2039213599296505,113.8340521831241,0.1277254995222614,0.42744325857354204
2011,0.669,0.08900000000000001,0.7340000000000001,Þýskaland,10.37030454108734,6.658002198717431,0.569766562760071,1.2901404486162382,125.73033184523582,0.12052323002106971,0.38231089709009086
2012,0.68,0.085,0.743,Þýskaland,11.868923795697167,7.131838471885884,0.7903307079494589,1.3553855200691378,116.74110751439468,0.21317779191972488,0.5175576313011693
2013,0.6829999999999999,0.081,0.743,Þýskaland,13.556647011328144,8.075381169252807,1.324945110152004,1.3522993596489232,119.99413979224286,0.24954862698345434,0.6973721630583588
2014,0.684,0.079,0.742,Þýskaland,16.23776842143478,9.353305303819054,2.0461335502197113,1.2954404529028156,123.40938618895356,0.5008489797702578,0.7020653043599114
2015,0.684,0.077,0.741,Þýskaland,23.980271037818095,10.217941721854825,5.16792177244035,1.2668906511578986,126.6180620451274,1.7250073598355313,1.3275125832131505
2016,0.68,0.068,0.73,Þýskaland,20.604267447237067,12.859588538097682,8.481242119408147,1.2921763192068105,128.70881981104029,5.269180489122417,2.3955457009268724
2017,0.6809999999999999,0.064,0.727,Þýskaland,16.467280448116917,10.574337321702941,2.279964189360853,1.3100886797246454,141.4036318763081,3.1652491622004186,3.178375697158135
2018,0.695,0.06,0.7390000000000001,Þýskaland,16.42256871136669,11.038300486330339,1.8765879168774078,1.30877472631947,144.392813683889,0.9159191635691346,1.2455704540194468
2019,0.708,0.055999999999999994,0.75,Þýskaland,15.914766206782529,11.482236557278416,1.6548935470560573,1.5054825704965276,147.75018600252506,0.8462209276506921,1.0100735612276555
2020,0.669,0.071,0.723,Þýskaland,11.763164009074748,8.910536462134825,1.1790400375060992,1.279748454784157,149.73387605329881,0.7512547306801994,0.7958069319954477
2021,0.6829999999999999,0.065,0.73,Þýskaland,0,0,1.7137763184177512,0,148.68406482745522,0.7199628867251775,0.876887128284575
2000,0.603,0.147,0.7070000000000001,Grikkland,0,0,0.284846868433507,0,0,NA,NA
2001,0.611,0.145,0.715,Grikkland,0,0,0.5058860928644836,0,102.97088167522224,NA,NA
2002,0.647,0.124,0.7390000000000001,Grikkland,0,0,0.5195366510909627,0,0,NA,NA
2003,0.6629999999999999,0.10300000000000001,0.7390000000000001,Grikkland,0,0,0.7179674511661344,0,0,NA,NA
2004,0.6409999999999999,0.11599999999999999,0.725,Grikkland,0,0,0.3925097456518592,0,0,NA,NA
2005,0.66,0.10300000000000001,0.736,Grikkland,4.828021693378074,0,0.7886366424702812,0,0,NA,NA
2006,0.6679999999999999,0.094,0.737,Grikkland,4.776792349727768,0,1.094428261275533,0,0,NA,NA
2007,0.6659999999999999,0.087,0.7290000000000001,Grikkland,3.69028605419069,0,2.2610378671573046,0.9776922877800411,0,NA,NA
2008,0.675,0.078,0.732,Grikkland,3.3854075691116288,0,1.784553828594187,1.526922353718988,0,0.0045135156775613005,2.665231007599948
2009,0.66,0.12,0.75,Grikkland,3.6750641508876773,0,1.43395837064083,1.5315543318246474,0,0.01485547379642977,1.2775707464929604
2010,0.64,0.162,0.764,Grikkland,2.599326124612277,0,0.9237192914813174,0.8434232409320312,72.98353508352947,0.00989089088513043,0.301222586047154
2011,0.584,0.222,0.7509999999999999,Grikkland,1.7411232879179461,0,0.8384586984124126,1.5782222262244596,66.23913767796198,0.01620906086502355,0.7640771191095823
2012,0.496,0.33799999999999997,0.75,Grikkland,0,0,0.8669978569507859,1.836485435504359,64.81062488852432,0.008601169215781607,1.0049787188965877
2013,0.47600000000000003,0.38,0.767,Grikkland,0,0,0.7459958127565102,2.684946543198584,0,0.04605475372152049,1.1472649540925304
2014,0.503,0.345,0.768,Grikkland,0,0,0.8132264516179378,1.919592670679551,63.069851818903345,0.18131883517108005,1.0406324033742747
2015,0.522,0.32,0.769,Grikkland,0,0,0.9855942440187182,1.1862248210243103,0,0.3719659476957657,0.518441979272856
2016,0.537,0.307,0.775,Grikkland,0,0,4.598195651322582,3.0440890403700234,58.575908647076275,0.2514855744719313,0.8115281729730773
2017,0.528,0.299,0.753,Grikkland,0,0,5.222843006285915,3.1889375777742877,0,0.9716700981963292,1.3073379503005158
2018,0.528,0.28600000000000003,0.7390000000000001,Grikkland,0,0,6.017957720003686,2.594923989159663,0,1.417606854154762,1.5964964473179
2019,0.5329999999999999,0.28600000000000003,0.746,Grikkland,0,0,6.949066481221431,1.522536222259696,0,1.618697386505576,1.4316914366384668
2020,0.506,0.303,0.711,Grikkland,0,0,3.5214897803889613,1.240162611976131,0,3.207897259799579,2.6012756625938898
2021,0.5489999999999999,0.23,0.713,Grikkland,0,0,2.1211485975083706,0,0,1.5543829470349992,1.9442689201669292
2000,0.585,0.040999999999999995,0.61,Ungverjaland,1.8735741430902955,0.2001769666236247,0.7637867723569711,0.6758420971964942,26.900395800005192,NA,NA
2001,0.547,0.047,0.574,Ungverjaland,1.8795438915903269,0.18061211408639033,0.9370235005808054,0.7940061906765278,27.33770480088594,NA,NA
2002,0.569,0.051,0.599,Ungverjaland,1.6532773676713646,0.21833695751682564,0.6298105744782013,0.3109677406653076,27.280110172553133,NA,NA
2003,0.624,0.033,0.6459999999999999,Ungverjaland,1.7845800515995076,0.23752279715375424,0.23426500317782994,0.48669467579717723,27.244239973447993,NA,NA
2004,0.614,0.040999999999999995,0.64,Ungverjaland,2.0510253147774744,0.3242262400639548,0.1556325528289902,0.4992510245232578,27.7007145443716,NA,NA
2005,0.626,0.046,0.6559999999999999,Ungverjaland,2.5356238445597254,0.3291344240504472,0.15683453579753234,0.9784809534270824,28.406878354296154,NA,NA
2006,0.607,0.07,0.653,Ungverjaland,2.3328495198371146,0.3923992893124612,0.2079160201974428,0.612826015596283,29.311790029841013,NA,NA
2007,0.645,0.043,0.674,Ungverjaland,2.2477624307139634,0.41060970120859863,0.3383129579829626,0.8395173401799444,34.26259012480188,NA,NA
2008,0.647,0.061,0.6890000000000001,Ungverjaland,3.541177658991376,0.42248669231671937,0.30931883509630126,0.807317178621715,38.03476046369334,NA,NA
2009,0.655,0.091,0.72,Ungverjaland,2.552319761436275,0.5587346336751159,0.4661443229518111,0.5788889901041112,39.32474125847194,NA,NA
2010,0.655,0.075,0.708,Ungverjaland,2.3882952234095534,0.6045987908024184,0.209499581000838,0.6085987828024344,43.43841312317375,NA,NA
2011,0.621,0.095,0.6859999999999999,Ungverjaland,2.260708694118904,0.26981097366516366,0.16989957850444992,2.0638983076716686,44.27440428709254,NA,NA
2012,0.6659999999999999,0.095,0.736,Ungverjaland,2.0236152625044808,0.9951247756634736,0.2135002304350929,1.8526537937519227,40.579256970812764,NA,NA
2013,0.6779999999999999,0.099,0.752,Ungverjaland,2.1222908975897607,1.3177894090244668,1.859683174597848,0.927718892078435,42.859035954717044,NA,NA
2014,0.7040000000000001,0.06,0.7490000000000001,Ungverjaland,2.6125869181528625,1.0864072303092112,4.078461325463444,0.8863355937171425,45.34946960745621,NA,NA
2015,0.711,0.068,0.763,Ungverjaland,2.597067466556267,1.0448007599289852,17.522052417828867,0.41125568613307395,48.34154134526734,NA,NA
2016,0.738,0.057999999999999996,0.7829999999999999,Ungverjaland,2.40737083843063,1.0546130609395166,2.854282228312825,0.4396768461791318,51.356701113284196,NA,NA
2017,0.737,0.034,0.763,Ungverjaland,3.6921857844053245,1.3056845603005076,0.31518285356236825,0.28473731373689476,52.49618179215729,NA,NA
2018,0.7170000000000001,0.046,0.752,Ungverjaland,5.004518408448165,2.4809816638750126,0.061377520237702855,0.35885390165643605,54.85759085458581,NA,NA
2019,0.774,0.027000000000000003,0.7959999999999999,Ungverjaland,5.613468722489142,2.850127446720148,0.045030560399183635,0.33271443604033185,57.798259405093084,NA,NA
2020,0.7659999999999999,0.052000000000000005,0.812,Ungverjaland,4.4603402633784315,4.895615484187787,0.007179374518533197,0.2193811727877501,60.91094160265998,NA,NA
2021,0.8029999999999999,0.034,0.831,Ungverjaland,0,0,0.0020597095377012835,0,60.76143136218788,NA,NA
2000,0.866,0.008,0.873,Ísland,8.154338549075392,2.6529160739687057,0.08534850640113797,0.9921763869132291,49.900426742532005,NA,NA
2001,0.879,0.012,0.889,Ísland,8.264027792399201,3.554760150191248,0.17896620696915463,1.2071446117135136,55.43039618205425,NA,NA
2002,0.861,0.037000000000000005,0.894,Ísland,6.1074861920727885,3.6763171440893725,0.4069338749843487,1.1581964134169924,59.41234574771491,NA,NA
2003,0.872,0.04,0.9079999999999999,Ísland,4.396902480640504,2.8667942332534317,0.2763175164581621,1.4748447440954402,61.50137122567542,NA,NA
2004,0.8009999999999999,0.081,0.871,Ísland,8.44297907743506,5.255463456554265,0.2602053568065955,2.170660476518178,62.54857451973281,NA,NA
2005,0.818,0.025,0.8390000000000001,Ísland,15.721150929788967,3.1577102724999495,0.2898218606563454,2.3691252097838467,67.36336247278707,NA,NA
2006,0.84,0.022000000000000002,0.8590000000000001,Ísland,23.25007241987728,5.043056908856293,0.12508887894029969,2.6992863350275194,78.95412529955495,NA,NA
2007,0.855,0.03,0.8809999999999999,Ísland,29.89726126322749,12.899312186463906,0.13159288371361538,2.0765998966514423,95.26040947853913,NA,NA
2008,0.812,0.049,0.8540000000000001,Ísland,23.537825610263262,18.430769618530327,0.23629191818628625,2.8796108429635416,111.85744351047876,0.03150558909150484,0.14177515091177176
2009,0.77,0.11800000000000001,0.873,Ísland,10.637329239154665,18.08785529715762,0.10988976486730026,2.2574497411311114,116.65897438312597,0.015698537838185752,0.07849268919092875
2010,0.747,0.135,0.8640000000000001,Ísland,9.391782269119997,10.75008489391405,0.1572109519437562,1.389744815182805,108.94404547798419,0.03144219038875124,0.01572109519437562
2011,0.758,0.11199999999999999,0.8540000000000001,Ísland,8.61725771211651,8.915053085943745,0.23823629906178784,1.1065449153790936,107.19693051336787,0.0313468814554984,0.09404064436649519
2012,0.79,0.095,0.873,Ísland,8.792634142234888,6.88756341141733,0.3492110013937261,1.222238504878041,106.35657561197668,0.0155897768479342,0.17148754532727617
2013,0.799,0.086,0.8740000000000001,Ísland,12.113799291457024,7.09469581144232,0.3551980924318097,1.7821678202882971,107.69297294626007,0.03088679064624432,0.5096320456630313
2014,0.8190000000000001,0.076,0.887,Ísland,13.269024586182987,7.550881394347225,0.1985466386054084,1.7777560564361183,111.82452142623687,0.09163691012557311,0.07636409177131093
2015,0.807,0.07,0.868,Ísland,14.97802417038976,6.792254351335176,0.5471286326620679,2.381974378661379,116.69256207340592,0.16625455688626375,0.40807936690264734
2016,0.866,0.040999999999999995,0.903,Ísland,23.402447568083236,10.854561986674021,3.365778764887385,2.0808800512767007,123.46654344358818,0.2683083160671963,1.3117295452174043
2017,0.8809999999999999,0.027999999999999997,0.9059999999999999,Ísland,34.21093247213882,11.263865066584351,2.912064391567826,1.8404246954708663,133.66957970174636,0.20384450740974785,0.9173002833438653
2018,0.825,0.051,0.87,Ísland,32.65744694121716,13.928816461689376,1.9703902790299443,1.6018280685639115,152.99300865837685,0.297684862299488,0.7654753601986835
2019,0.8240000000000001,0.047,0.865,Ísland,26.434027257750486,12.219947969536108,2.1771809251216174,1.1981428785382657,168.54708535103921,0.8597784545066258,1.1093915542020978
2020,0.753,0.11599999999999999,0.852,Ísland,21.022643548307876,15.906151251698676,1.623633555457319,1.0751455812608128,180.44162832708437,1.0642303976947134,0.5321151988473567
2021,0.77,0.10800000000000001,0.863,Ísland,0,0,2.2951602988271866,0,155.6950845988033,0.6845214926326697,0.8187413931488794
2000,0.649,0.057,0.688,Írland,2.8763415890494244,0,2.878716549994511,0,0,NA,NA
2001,0.669,0.048,0.703,Írland,3.3011038163359414,0,2.6712947968885405,0,0,NA,NA
2002,0.654,0.05,0.6890000000000001,Írland,2.578370332096652,0,2.9546592300679846,0,0,NA,NA
2003,0.631,0.064,0.674,Írland,2.81417429236708,0,1.9739422536460518,0,91.52574228244109,NA,NA
2004,0.64,0.061,0.6809999999999999,Írland,2.3979108016734947,0,1.1772011585122868,0,0,NA,NA
2005,0.687,0.06,0.73,Írland,2.6609647835825245,0,1.0355991125924353,0.9864922170408669,0,NA,NA
2006,0.711,0.061,0.757,Írland,2.740419222717886,0.5197346801706336,1.018679973134442,1.3598149177555303,0,NA,NA
2007,0.731,0.059000000000000004,0.777,Írland,0.9826680213773715,0.8455515532782033,0.9106818756253082,1.061967045428057,128.57228391701528,NA,NA
2008,0.713,0.068,0.765,Írland,1.5161413311274965,0.824959253701726,0.8619709391380737,0.9553920005707826,0,0.06800339794027742,0.7413485185292537
2009,0.622,0.157,0.738,Írland,0.8602824152759686,0.8602824152759686,0.5931536960710461,1.002780476883219,0,0.027573154335768228,0.6650644825787296
2010,0.593,0.16899999999999998,0.713,Írland,0.5488759788379768,0.6586511746055722,0.43470977523967763,1.390632179983898,0,0.005488759788379769,0.34579186666792544
2011,0.59,0.17300000000000001,0.713,Írland,0.8961968030692773,1.0054890961265064,0.3162918961076206,2.2848646786544284,165.32863755353137,0.015300921028012053,0.28306703901822294
2012,0.588,0.17300000000000001,0.711,Írland,0.8489893869795939,1.4585202289136614,0.23902316587271646,5.410674670096873,0,0.02176895864050241,0.18285925258022026
2013,0.605,0.157,0.7190000000000001,Írland,0.8884710907759581,1.4518917824875415,0.20543185220868496,5.227677218019321,0,0.03250503990643749,0.15060668489982706
2014,0.612,0.135,0.708,Írland,0.9041124199214714,1.2485361989391748,0.22366019149962113,4.5188399807122686,0,0.08718226906385616,0.14207480884480264
2015,0.626,0.114,0.7070000000000001,Írland,1.0666013622205957,1.1945935256870672,0.6060428940137425,2.7976953731046224,0,0.070395689906559325,0.14292458253755982
2016,0.6509999999999999,0.09300000000000001,0.718,Írland,1.2448315753427983,1.0971396935224662,0.47177006821466044,2.1103060028099434,168.46284610273827,0.10127443324822766,0.34813086429078255
2017,0.69,0.08199999999999999,0.752,Írland,1.2728247737606129,0.8346391959085987,0.6030268190439625,1.7053765370402443,0,0.15858144722263373,0.027125773867029458
2018,0.7070000000000001,0.07200000000000001,0.762,Írland,1.5029807402283089,0.8441398677994613,0.7484020535246443,1.6891032866894584,0,0.206917211497185,0.035000921347782536
2019,0.715,0.059000000000000004,0.759,Írland,1.5036078460695692,0.6502087983003542,0.9539782212563009,1.173830071181608,0,0.19811049323213917,0.18185527327463033
2020,0.674,0.075,0.728,Írland,1.1049850294619143,0.5022659224826884,0.30035502164464767,1.0959442428572261,0,0.18885198685349086,0.06730363361268024
2021,0.718,0.075,0.7759999999999999,Írland,0,0,0.5158177457267943,0,0,0.2903345532040563,0.016961125101267894
2000,0.609,0.122,0.6940000000000001,Ítalía,3.127018058411185,0.14728994578142418,0.2733126775004536,0.1277437779437319,0,NA,NA
2001,0.5920000000000001,0.13,0.6809999999999999,Ítalía,2.411781207904049,0.10365590479915958,0.16880502749040244,0.14154840369204572,0,NA,NA
2002,0.653,0.08800000000000001,0.716,Ítalía,2.709116824552075,0.17015291849827596,0.28048782004456385,0.1486779876686603,0,NA,NA
2003,0.672,0.064,0.718,Ítalía,7.299911756589863,0.2244631095558897,0.23432387639915528,0.18418379340459998,0,NA,NA
2004,0.634,0.092,0.6990000000000001,Ítalía,6.73500382460606,0.24242506827726787,0.1681187327050145,0.16194527173240697,0,NA,NA
2005,0.63,0.1,0.7,Ítalía,4.784044419654386,0.27422914464231796,0.1641489482192246,0,0,NA,NA
2006,0.6509999999999999,0.085,0.7120000000000001,Ítalía,4.271944953021551,0.2906513667677611,0.17710657985618902,0.305206195432342,0,NA,NA
2007,0.659,0.079,0.716,Ítalía,8.698768660292412,0.34576748919991435,0.23914052917641251,0.632324253113035,0,NA,NA
2008,0.6509999999999999,0.085,0.711,Ítalía,8.28009127937876,0.455927387905761,0.5120823206656756,0.9052681821945695,0,0.1644959534079905,0.17716247959443743
2009,0.628,0.11,0.706,Ítalía,6.827502084779605,0.5417975474824674,0.29557325528663575,0.9903710585307246,96.90682244125543,0.15221107533791697,0.2342354661846599
2010,0.619,0.115,0.6990000000000001,Ítalía,7.095540674244788,0.5485678375721643,0.1680391254997835,1.0976204676870558,96.0483356219442,0.07196661711863986,0.11735322930844411
2011,0.615,0.11699999999999999,0.696,Ítalía,5.8552470291458265,0.5377260880148887,0.5683623813372564,0.9305836568719155,95.23897341662673,0.11927996747588462,0.28262355422184116
2012,0.6,0.138,0.6970000000000001,Ítalía,5.295969714398488,0.6290948336122582,0.28289829469047517,1.0777315231719005,94.25696691460584,0.3660000840986121,0.08738812720647753
2013,0.581,0.16699999999999998,0.6970000000000001,Ítalía,4.590856925471869,0.713958651016746,0.4240974077033519,1.6475101579105424,93.75346533576551,0.2386770734181621,0.1521265820501311
2014,0.584,0.16399999999999998,0.698,Ítalía,4.086076045393897,0.7773284093416145,1.0339069627631028,2.1212781521065702,94.37947910027847,0.34125925710288413,0.24203959940257994
2015,0.586,0.157,0.695,Ítalía,4.123155460490448,0.7319490870261315,1.3445880654128213,2.91262108519102,95.60938634175533,0.4916187471213282,0.6928487104820339
2016,0.5920000000000001,0.149,0.696,Ítalía,4.338718214788202,0.6989411333768719,2.025942847751368,3.293525333517868,97.5087007915799,0.5888691748944775,0.9060933321045819
2017,0.6,0.142,0.6990000000000001,Ítalía,4.983596116239234,0.6677582478818213,2.0945879799782188,2.4023264192708496,100.11685561012425,0.5299800904146034,0.7739709244922699
2018,0.609,0.13699999999999998,0.706,Ítalía,4.73012973749481,0.6649440748881845,0.8751241874705732,1.8430716618488074,102.38403535662046,0.5122148631626426,1.0779559290131324
2019,0.614,0.131,0.7070000000000001,Ítalía,4.392081933561438,0.9521995459598346,0.5819611108338406,2.0865716709467987,94.06835468092031,0.30763910850321696,1.2575951910323342
2020,0.578,0.125,0.662,Ítalía,3.1970170349036895,0.6482124610597666,0.35465022915569777,2.1801735885009204,103.58794825168626,0.19499032997697044,0.4915135884622253
2021,0.593,0.131,0.682,Ítalía,0,0,0.73135246610935,0,105.75258537241608,0.3689751858858414,0.3678755349421193
2000,0.665,0.028999999999999998,0.684,Lúxemborg,24.735103815467692,16.10119572865646,1.4324907231900765,1.52875409978845,0,NA,NA
2001,0.6940000000000001,0.025,0.7120000000000001,Lúxemborg,25.03838993300447,17.269807620005345,1.3476112175610728,1.0962081164698474,0,NA,NA
2002,0.693,0.035,0.718,Lúxemborg,24.627604972140414,18.533460640210148,2.335453620401375,1.6630581442781387,322.1917402939713,NA,NA
2003,0.679,0.047,0.713,Lúxemborg,27.797336734377563,15.189559502774419,3.4320433278863485,1.7093789994375876,0,NA,NA
2004,0.672,0.073,0.726,Lúxemborg,26.730088321712824,16.365493846294896,3.444677776370995,1.8140223271003146,0,NA,NA
2005,0.6920000000000001,0.055999999999999994,0.733,Lúxemborg,29.579578288387452,15.414316180517336,1.7241675839295543,2.020844799119428,0,NA,NA
2006,0.6890000000000001,0.065,0.737,Lúxemborg,29.110889660439952,16.259698164145725,1.1065480988741985,2.3760105450013858,0,NA,NA
2007,0.711,0.046,0.745,Lúxemborg,32.92138202303372,18.02738378972983,0.8875147919131986,2.5687928132135536,0,NA,NA
2008,0.69,0.066,0.738,Lúxemborg,34.294695352677905,16.310342639983464,0.9475142587593908,2.4639463661907266,0,0.38882874549521435,0.6139401244661279
2009,0.69,0.073,0.745,Lúxemborg,29.213532804454953,14.616810939706658,0.9582488755140292,7.919113348587638,0,0.22097982454201934,0.7232066985011542
2010,0.7040000000000001,0.06,0.7490000000000001,Lúxemborg,30.80758965821289,14.892899341753575,1.4675916702337297,8.50374689566883,0,0.12821701420052747,0.8087534741879424
2011,0.698,0.067,0.748,Lúxemborg,36.5756022463543,14.308837062145148,4.005008189431485,6.484023374122939,391.83680556225414,0.06752181436902793,1.9099027492953617
2012,0.713,0.064,0.762,Lúxemborg,36.19912911148277,16.03346441862918,3.8628727267248264,8.752203589024997,0,0.07533637692296102,3.022872124033811
2013,0.715,0.075,0.773,Lúxemborg,36.09406689512255,16.267359641341436,1.81464154388083,8.077547399688603,0,0.23925294189098162,2.0520540785264965
2014,0.72,0.07200000000000001,0.7759999999999999,Lúxemborg,37.553790790225804,16.758280276530495,1.211528575177685,8.910307339993745,0,0.21570241694558187,1.3840905087341504
2015,0.695,0.087,0.7609999999999999,Lúxemborg,39.418544429911954,18.086217642050194,3.4918935051483047,9.204624257160663,0,0.3247864748378262,1.035805514347662
2016,0.69,0.081,0.7509999999999999,Lúxemborg,36.70352158420729,19.23357082502798,3.2821500739554965,12.156809647293127,0,1.3111461130944935,0.8398190789755579
2017,0.708,0.065,0.758,Lúxemborg,38.736486248547386,19.230736982612182,3.420884499871717,14.971400399438572,451.25826504141116,1.8865171874292557,0.9893734582962319
2018,0.7140000000000001,0.064,0.763,Lúxemborg,38.2909778764701,19.08709597828769,3.4377827123941116,19.335471667077886,458.96702031417055,1.669545192861255,0.6579488444773419
2019,0.72,0.067,0.773,Lúxemborg,40.4562558568265,20.93699546615097,3.4354672477391235,18.232169844339463,466.6864515171701,1.080639932387424,0.8225766649516212
2020,0.71,0.08199999999999999,0.773,Lúxemborg,33.2052162629895,19.076383259862975,1.998689747831977,14.720508618952973,475.81030213526685,1.189696278471415,0.6582986074208494
2021,0.728,0.059000000000000004,0.774,Lúxemborg,0,0,2.0701054894510547,0,467.1407859214078,1.3514273572642737,0.49213828617138283
2000,0.599,0.062,0.638,Holland,5.6745453283899,1.2992366647085916,2.6813592410413363,3.137608509117921,92.85319366638609,NA,NA
2001,0.631,0.044000000000000004,0.6609999999999999,Holland,5.861331997854692,1.985020486493298,1.9569764321506513,2.9082930755739897,95.33476561589542,NA,NA
2002,0.632,0.053,0.667,Holland,5.304317235807891,2.451804674751954,1.1165451858981785,2.8064413715318812,98.03682859059128,NA,NA
2003,0.61,0.086,0.6679999999999999,Holland,4.472150689574179,2.703246897762094,0.7791534000936685,1.7749437406500204,99.86451408642415,NA,NA
2004,0.6,0.102,0.6679999999999999,Holland,3.9460066306030352,2.829789401979894,0.5347696384737366,1.607502670009545,100.61893121371212,NA,NA
2005,0.611,0.10400000000000001,0.682,Holland,3.835446983618927,2.891444423794771,0.6731058107015674,1.7456020332513658,100.7531861005519,NA,NA
2006,0.594,0.106,0.664,Holland,4.086480343685733,3.2107972447977793,0.8071652093564115,1.779323943772262,100.64335851202635,NA,NA
2007,0.624,0.076,0.675,Holland,4.848277003797409,2.925643352190152,0.41589100420371616,1.8708685596411996,100.3602435303402,NA,NA
2008,0.657,0.066,0.703,Holland,6.284116288926089,3.0252487140929576,0.7917016051111575,1.7102457254498014,101.15696670049539,0.34538134539411475,0.3189304853155162
2009,0.645,0.081,0.7020000000000001,Holland,6.314250235036845,3.477777017561658,0.9016727799536696,1.8913047831245573,103.1721761868007,0.4987784012558205,0.563810151571164
2010,0.643,0.08199999999999999,0.701,Holland,6.628613592578928,3.85395708436576,0.8024488140212177,1.6516615017763652,104.89245211818682,0.48148132544586675,0.5762729613930218
2011,0.64,0.095,0.7070000000000001,Holland,7.091863368005198,4.205217085840511,0.6942999234293216,1.722450879927807,106.52136329114697,0.40885219822304747,0.5367495525389752
2012,0.631,0.113,0.7120000000000001,Holland,6.899985395372106,4.818930367079892,0.5538657411538301,1.9453340481862003,108.32891722888317,0.3285593647685166,0.4876167139253008
2013,0.612,0.134,0.7070000000000001,Holland,7.274688876683113,4.940601972218039,0.814963673269489,1.6502791228265403,109.29379931363337,0.3552634632653413,0.371628195660311
2014,0.614,0.129,0.7040000000000001,Holland,8.257986002734182,4.946395519053415,1.066053452213008,2.0498063208745587,110.445663589368,0.7441443253391875,0.3708862752985353
2015,0.611,0.121,0.695,Holland,9.410490306184943,5.0277082100422525,2.335783659018561,1.730763270793702,112.47529136049894,0.9710786795100923,0.23701403636674895
2016,0.62,0.106,0.693,Holland,10.689761797697917,5.278587347244449,1.0349192622050303,1.767730178081273,115.4004559164323,1.2219387146942797,0.4735673106203444
2017,0.63,0.08900000000000001,0.6920000000000001,Holland,10.72761866513886,5.62619463385576,0.8843464548360179,1.7069345895917383,119.39511869943283,0.4558908126910429,0.4748619412601324
2018,0.649,0.07,0.698,Holland,11.07684465223297,5.9638030592825215,1.1406355130120658,1.709763596253446,123.16553833411619,0.21007888868500016,0.38649872890665776
2019,0.665,0.06,0.708,Holland,12.412253624643958,6.3348968306259446,1.2410005121973775,2.060147331119577,127.01785818474573,0.27933321633432256,0.46872632586130913
2020,0.674,0.086,0.731,Holland,9.775764699137115,0,0.7467821001634034,2.850958919817676,131.95189633919102,0.49422354728664397,0.2863859186423186
2021,0.6679999999999999,0.079,0.726,Holland,0,0,1.3614012017973005,0,133.4595229244107,0.6884001887596739,0.2546567392553392
2001,0.643,0.063,0.687,Nýja Sjáland,22.088906068805567,7.044710733152945,0.41257569900785984,6.077051926298157,173.69385388480865,NA,NA
2002,0.644,0.061,0.6859999999999999,Nýja Sjáland,25.960238065088006,6.903634291503103,0.2519944282638977,4.942889704951248,0,NA,NA
2003,0.647,0.055,0.684,Nýja Sjáland,21.529598728645215,8.459972189114024,0.20882995629717918,4.554280889948351,0,NA,NA
2004,0.662,0.05,0.6970000000000001,Nýja Sjáland,17.706666666666667,9.389357798165138,0.141651376146789,5.424097859327217,0,NA,NA
2005,0.677,0.045,0.7090000000000001,Nýja Sjáland,17.874404315537383,9.211398437311015,0.08418200730545006,5.975713007087738,0,NA,NA
2006,0.695,0.044000000000000004,0.727,Nýja Sjáland,19.30602686039287,8.758304258471538,0.06595612483869426,7.04177221239784,209.39492424604504,NA,NA
2007,0.7040000000000001,0.042,0.735,Nýja Sjáland,20.00402481178086,8.793266726644255,0.05705762583455656,7.146408447369668,44.560348501349495,NA,NA
2008,0.7,0.047,0.735,Nýja Sjáland,21.19183999248791,9.296211089722522,0.05962721254518991,5.646274472979952,0,NA,NA
2009,0.688,0.07,0.74,Nýja Sjáland,17.663738204806396,9.577697206340352,0.07809231627388091,4.253474643238972,0,NA,NA
2010,0.6829999999999999,0.07400000000000001,0.738,Nýja Sjáland,16.070057691865678,10.06964396533891,0.07814834394465259,3.5490840554393546,0,NA,NA
2011,0.703,0.068,0.754,Nýja Sjáland,16.3786496350365,10.30337591240876,0.06957116788321167,4.483804744525547,0,NA,NA
2012,0.705,0.076,0.763,Nýja Sjáland,16.282752206165924,9.410403575236497,0.07327419976860779,6.292960686009845,0,NA,NA
2013,0.715,0.062,0.763,Nýja Sjáland,16.97688030436055,8.399180567749488,0.06573467504108417,6.442673510276671,283.2660228270413,NA,NA
2014,0.7190000000000001,0.063,0.768,Nýja Sjáland,20.079043507140483,7.905457765969223,0.010406288054909776,6.411380493745156,57.44735968116905,NA,NA
2015,0.735,0.06,0.782,Nýja Sjáland,22.02412461491734,8.028593743220377,0.017572786045906192,6.216210352757409,0,NA,NA
2016,0.75,0.05,0.79,Nýja Sjáland,22.066354129102056,8.364481025010075,0.08124562482764473,6.969092721834496,0,NA,NA
2018,0.772,0.040999999999999995,0.805,Nýja Sjáland,21.26739582908215,9.60780312614782,0.08529567808023507,7.514998163490185,270.5680937028119,NA,NA
2019,0.778,0.036000000000000004,0.807,Nýja Sjáland,25.052217223650384,11.056997107969151,0.10804948586118253,6.422919344473008,0,NA,NA
2020,0.7809999999999999,0.044000000000000004,0.8170000000000001,Nýja Sjáland,10.551255353424226,6.874582531138266,0.08545833169620054,4.621232957447645,0,NA,NA
2021,0.8079999999999999,0.032,0.835,Nýja Sjáland,0,0,0.0813644187138163,0,0,NA,NA
2000,0.69,0.061,0.735,Noregur,6.1792845336634175,3.3219972598365657,2.38678789652042,2.1097877898620188,64.81023154670491,NA,NA
2001,0.703,0.069,0.755,Noregur,5.6048777213255425,3.369262831966435,3.2279168504570595,2.3893674147000263,67.32876255581006,NA,NA
2002,0.69,0.085,0.754,Noregur,6.7404014449037355,2.7013168561598904,3.765405207444344,1.9812007385376926,69.16420035710532,NA,NA
2003,0.6729999999999999,0.09,0.7390000000000001,Noregur,5.824280108726321,3.138324626231364,3.410184242394503,1.7133070572215203,72.68246796832145,NA,NA
2004,0.664,0.08199999999999999,0.7240000000000001,Noregur,6.0155808836804034,3.0129081390767976,1.662271617316458,1.7526479727712374,75.16982588287355,NA,NA
2005,0.633,0.106,0.7070000000000001,Noregur,6.7449759294944105,2.7255464881849365,1.1208461155284772,2.704565771626414,77.64811791076187,NA,NA
2006,0.6629999999999999,0.083,0.723,Noregur,7.983610950607348,2.6762229403350117,1.0873966055975177,2.538689154978262,81.13227424451361,NA,NA
2007,0.6990000000000001,0.051,0.737,Noregur,11.264226540806888,2.8259841041579423,1.2749630719390055,3.0691274614814206,85.54462837926796,NA,NA
2008,0.74,0.055,0.7829999999999999,Noregur,12.311105937966305,3.1787576692745607,2.822439843840934,2.1620249925810815,92.92282332067661,0.639652364668959,1.2509922476230624
2009,0.687,0.084,0.75,Noregur,11.698555061014149,3.7981111334773052,3.567200887358047,2.2879788332964703,99.09797966995781,0.9339957040339503,2.122717509168069
2010,0.6940000000000001,0.079,0.753,Noregur,13.271557025173376,4.589862704998084,2.0581876208901444,2.366005604537135,105.59813533887487,1.0840101749694686,2.087230912370458
2011,0.687,0.081,0.748,Noregur,14.236772244552844,4.608235386038894,1.827546405889335,2.867705385467534,112.75791733199222,0.8106052606767211,1.126569702260549
2012,0.7090000000000001,0.068,0.7609999999999999,Noregur,13.905543686314079,4.231281634982368,2.077084048177829,2.4108441959807707,120.60417959364553,1.03116941186879,1.0989177403780437
2013,0.703,0.078,0.762,Noregur,13.139912022646483,4.914007815878639,2.5050337872485002,2.558968979587498,128.07600374081895,1.135788539401528,1.1928732320230953
2014,0.698,0.079,0.758,Noregur,11.921531926390388,4.527363600494956,1.8406100952869986,2.946416562220738,134.92727001279044,0.9557313417786764,0.539180410738683
2015,0.6859999999999999,0.10400000000000001,0.7659999999999999,Noregur,11.342612128407918,5.26368726321789,5.565234615400919,2.3595839455804337,140.73051146669934,1.204262588590373,0.6291067762796109
2016,0.6920000000000001,0.09699999999999999,0.767,Noregur,11.13088390100211,5.8592645897216125,0.5813429403882852,2.777039322005931,145.3385997961862,2.4407236459140225,1.254738212336082
2017,0.693,0.091,0.762,Noregur,9.396499692531597,5.03812323939992,0.6073566908251239,4.070332094300417,149.3741194038619,0.9029811643624697,0.37332064927472514
2018,0.6970000000000001,0.079,0.7559999999999999,Noregur,8.325997624962444,4.613777778112455,0.45934461313017755,1.9207758556422956,152.63324947156545,0.2748537439221554,0.12613151262181105
2019,0.698,0.07400000000000001,0.754,Noregur,8.242124515206267,3.2827881934062626,0.37491400818976744,2.4549855429044674,155.16447318598185,0.3365811544845792,0.12995772353710142
2020,0.68,0.08900000000000001,0.746,Noregur,5.671932115270792,3.686978945145546,0.23143535276324517,3.6364163620518895,159.06914284524578,0.21284616780234195,0.07993349533188387
2021,0.7020000000000001,0.08900000000000001,0.77,Noregur,0,0,0.28474646470623044,0,159.938761020058,0.20431483344180817,0.04345157091296373
2000,0.551,0.166,0.6609999999999999,Pólland,0.3891163729659655,0,0.11947678785701808,0.021982056133833344,0,NA,NA
2001,0.537,0.187,0.66,Pólland,0.5286540426242616,0,0.11754839642129973,0.01704660908956571,19.70920053599559,NA,NA
2002,0.517,0.20199999999999999,0.649,Pólland,0.7464368937668701,0,0.13446744939573477,0.025501996335506986,0,NA,NA
2003,0.514,0.19699999999999998,0.64,Pólland,0.7476336606582553,0,0.1808605311607798,0.03675856771131078,0.4516277015812756,NA,NA
2004,0.272,0.182,0.33299999999999996,Pólland,0.9161281268752333,0,0.21133963793688199,0.04371370129094758,0,NA,NA
2005,0.299,0.12300000000000001,0.341,Pólland,0.9909512285387034,0,0.17937013854842992,0.06763394121161397,0,NA,NA
2006,0.354,0.071,0.382,Pólland,0.8579608293519949,0,0.11601719981211717,0.024047868948397704,0,NA,NA
2007,0.368,0.094,0.406,Pólland,1.038882209127739,0,0.18866109313191504,0.03746461423896185,0,NA,NA
2008,0.435,0.051,0.45799999999999996,Pólland,1.0802575900787252,0,0.18897620938280654,0.027652495444881034,0,0.07267306677639512,0.03869775216432592
2009,0.455,0.11599999999999999,0.515,Pólland,1.0811359378848364,0,0.27748517962585184,0.06555118865063338,0,0.0661802284457614,0.10628151538517325
2010,0.504,0.11599999999999999,0.57,Pólland,1.0651746311839005,0,0.1696407497539573,0.07596706975513913,0,0.01311119966724035,0.10151443702754408
2011,0.552,0.11900000000000001,0.627,Pólland,1.0723239855400308,0,0.1320158740912228,0.060323415530476175,12.903085137779565,0.012459225238652566,0.07125119433354436
2012,0.619,0.069,0.664,Pólland,1.222537446291617,0,0.2373241831993215,0.09832928705765219,0.4204102534531447,0.013494650110841682,0.05086445041778788
2013,0.5920000000000001,0.122,0.675,Pólland,1.2080546883367986,9.86951565299988e-4,0.36106843844211667,0.08230656606409638,0,0.017791100585012945,0.057399025245078256
2014,0.63,0.121,0.716,Pólland,0.822004868158438,0.0012992426948195582,0.13860321068335046,0.1167499485564855,0,0.018709094805401637,0.05157993498433646
2015,0.607,0.106,0.679,Pólland,2.216485237023547,4.6808473457099096e-4,0.26012508888409014,0.10498100408128282,0,0.016643012784746346,0.07463351045659689
2016,0.626,0.102,0.698,Pólland,2.7665841314068,3.383054783445589e-4,0.25581098862515494,0.07434913474080036,0,0.007546814516917083,0.056861343860220084
2017,0.6990000000000001,0.083,0.762,Pólland,3.313384351908132,0.0016917238733938837,0.07742890035918161,0.04630118108873415,0,0.013273525775859704,0.054395429159895654
2018,0.73,0.047,0.7659999999999999,Pólland,3.5619322857212996,7.54950018534023e-4,0.06195796703830947,0.11969862707653234,0,0.009762284722422711,0.05518944963076306
2019,0.75,0.057,0.795,Pólland,4.25300827301782,7.554744019742786e-4,0.07111879715137175,0.2868979168600942,0,0.006903472983558063,0.04506795570398283
2020,0.764,NA,0.8029999999999999,Pólland,4.244544654893224,3.6501895113212325e-4,0.03858771769111017,0.18618573785960657,0,0.009646929422777542,0.042368271113550016
2021,0.804,0.051,0.847,Pólland,0,0,0.16246432597848595,0,0,0.05646945523929632,0.03812670875785436
2000,0.7020000000000001,0.064,0.75,Portúgal,1.3401493387009278,0.028668894482724708,0.02167174057507664,0.06569550057736238,0,NA,NA
2001,0.713,0.057999999999999996,0.757,Portúgal,13.288401121269157,0.006272483536298838,0.02229144149053895,0.09785074316626188,0,NA,NA
2002,0.745,0.062,0.794,Portúgal,6.2437914665016185,0.006142252357221305,0.023513309804987805,0.12322893791675242,58.33287466383764,NA,NA
2003,0.727,0.091,0.799,Portúgal,2.6243875863254567,0.012429699294021764,0.008127111076860384,0.14886955231378377,0,NA,NA
2004,0.701,0.09699999999999999,0.7759999999999999,Portúgal,3.00299670131071,0.009252316489125523,0.010778471786300868,0.12028011435863181,0,NA,NA
2005,0.725,0.094,0.8,Portúgal,2.4594104917202446,0.019708035451613915,0.01085370068349752,0.08121233932476653,0,NA,NA
2006,0.718,0.098,0.795,Portúgal,1.9561334949204963,0.007032690988879985,0.012164654683468083,0.32616480370048795,0,NA,NA
2007,0.731,0.096,0.809,Portúgal,2.6976286126761226,0,0.021246398130848124,0.5414986023616605,0,NA,NA
2008,0.74,0.095,0.8170000000000001,Portúgal,6.488431027838946,0,0.015154131965874978,2.062098507256438,0,0.00615636611113671,0.0037885329914687446
2009,0.698,0.131,0.804,Portúgal,5.455493491753812,0,0.01315260767242702,2.524070573107847,0,0.004258038455102272,0.004258038455102272
2010,0.691,0.15,0.813,Portúgal,4.432853184023607,0,0.015132742525843887,1.993738827779932,0,0.005674778447191458,0.0066205748550567005
2011,0.687,0.16899999999999998,0.8270000000000001,Portúgal,3.949492304542541,0,0.026047686494212983,2.1469923991430027,74.09127080931914,0.006156725898632161,0.004735942998947816
2012,0.664,0.19399999999999998,0.8240000000000001,Portúgal,3.3107482769477263,0,0.028055576861415008,2.026658789548318,0,0.00903484678587941,0.01188795629720975
2013,0.626,0.218,0.8,Portúgal,2.8188934136409083,0,0.04838727414689936,2.2857727548089635,0,0.012909648240773546,0.016256594080974095
2014,0.6659999999999999,0.16899999999999998,0.802,Portúgal,2.989983281994823,0,0.01874808643329337,2.030850408874133,0,0.010095123464081047,0.011537283958949766
2015,0.68,0.14800000000000002,0.7979999999999999,Portúgal,3.1921951528449877,0,0.060339391215125285,1.968995014131968,0,0.018825890059119086,0.016895029540235078
2016,0.7040000000000001,0.133,0.812,Portúgal,3.8604607265842077,0,0.14072023872273284,2.430983284362916,0,0.03147562118712194,0.026633217927564717
2017,0.743,0.1,0.826,Portúgal,5.091308020154753,0,0.0956282826713785,1.7046105453239226,0,0.04854227546770482,0.04417347067561139
2018,0.7509999999999999,0.085,0.821,Portúgal,8.128203697030152,0,0.11766053515900994,2.016954396915855,0,0.0612612703720465,0.04084084691469767
2019,0.763,0.084,0.833,Portúgal,11.410169076952437,0,0.16526896113778153,2.001115468270644,0,0.01701298129359516,0.05589979567895552
2020,0.737,0.09,0.81,Portúgal,10.492391508447467,0,0.08497554233940387,2.953555621906617,0,0.009225916025420992,0.03156234429749287
2021,0.769,0.07,0.8270000000000001,Portúgal,0,0,0.12769623561208154,0,0,0.02961775806972234,0.019907017718993704
2000,0.563,0.191,0.695,Slóvakía,0,0,0.28792675883902746,0,0,NA,NA
2001,0.5670000000000001,0.19399999999999998,0.7040000000000001,Slóvakía,0,0,1.5145600749473027,0,0,NA,NA
2002,0.565,0.187,0.695,Slóvakía,0,0,1.800026734542907,0,20.66740053420748,NA,NA
2003,0.545,0.22399999999999998,0.7020000000000001,Slóvakía,0.8408704301025293,0.6674165032208887,1.9074354660296153,0.6488255142732318,0,NA,NA
2004,0.524,0.247,0.6970000000000001,Slóvakía,1.4600821094145664,0.9226069163192183,2.1149732451425654,0.7451825093347533,0,NA,NA
2005,0.514,0.222,0.66,Slóvakía,1.4122141301230584,0.19601710323474628,0.6569171669959915,0.2531887583448806,38.37146169174269,NA,NA
2006,0.552,0.139,0.6409999999999999,Slóvakía,0.8419300843747868,0.1422693048502889,0.5310521770356937,0.20793206093503763,0,NA,NA
2007,0.66,0.068,0.7090000000000001,Slóvakía,1.370011223161582,0.1289422327681489,0.48872070408387475,0.2728906736601772,0,NA,NA
2008,0.6809999999999999,0.068,0.731,Slóvakía,1.4046678991494685,0.1403743167155295,0.16811627654073297,0.10246030495441812,0,0.016645175895122075,0.05178499167371312
2009,0.606,0.131,0.6970000000000001,Slóvakía,1.0366578608268828,0.3214986636212266,0.15170602841369016,0.05444437759372092,0,0.03229751213186834,0.026760795766405197
2010,0.565,0.11800000000000001,0.64,Slóvakía,0.8162364961009195,0.24120681477378852,0.099612890681389,0.044374688824796206,0,0.01657146055697784,0.03774610460200507
2011,0.594,0.156,0.7040000000000001,Slóvakía,0.715028793801997,0.13874522449681237,0.09095314449657528,0.05057068930257647,0,0.022228874418714933,0.019450265116375567
2012,0.637,0.11599999999999999,0.72,Slóvakía,0.5438663032014882,0.014794051090145886,0.10078447305161885,0.047895740404347305,31.408695092572852,0.03513587133909648,0.04623140965670589
2013,0.664,0.107,0.7440000000000001,Slóvakía,0.45719943639778565,0.00701962771034984,0.05190829964758698,0.038977406496942535,31.895895226514615,0.012930893150644444,0.023090880626150792
2014,0.6609999999999999,0.07400000000000001,0.713,Slóvakía,0.4462366911014166,0.012733801358973427,0.02103845441917349,0.04336874375882254,32.278340966539815,0.031373133782978006,0.020300263036044593
2015,0.584,0.136,0.6759999999999999,Slóvakía,0.6958220531894563,0.006453039708964222,0.034662041865293536,0.0575242396913382,32.748439032740976,0.014749805049061078,0.010140490971229491
2016,0.647,0.062,0.69,Slóvakía,0.6647274180265421,0.02338514739317752,0.01841350188439175,0.08967375417698782,33.446100687790334,0.03866835395722267,0.0073654007537567
2017,0.698,0.052000000000000005,0.736,Slóvakía,0.5351858989638518,0.005699334547536725,0.02573893021468198,0.11931832649520434,34.235351078548504,0.011950217599673778,0.005515485046003282
2018,0.733,NA,0.789,Slóvakía,0.5267341445724582,0.005875040999065409,0.026621279527015138,0.1323720175101925,34.93905241647321,0.007343801248831762,0.007343801248831762
2019,0.787,NA,0.8170000000000001,Slóvakía,0.45579996285395313,0.00715052234565735,0.03850281263046265,0.10744118191167198,35.64003683802435,0.005500401804351808,0.010084069974644982
2020,0.733,NA,0.7809999999999999,Slóvakía,0.5191591526897628,0.0016487058483443421,0.047629280063280995,0.10038786721029994,36.34956740706382,0.006411633854672441,0.00824352924172171
2021,0.737,0.081,0.802,Slóvakía,0,0,0.05788322692926173,0,35.09744870948886,0.008269032418465962,0.015619283457102371
2000,0.601,0.152,0.7090000000000001,Spánn,8.158204931071946,0,0.19514534888666915,0.24939348731864697,36.124599787441,NA,NA
2001,0.6409999999999999,0.125,0.732,Spánn,9.665592071480855,0,0.2322520880058796,0.4006029625289417,48.09141548154446,NA,NA
2002,0.653,0.136,0.755,Spánn,10.695566190415494,0.16729626067509473,0.1504700711093601,0.5165181520063964,62.375046833296636,NA,NA
2003,0.655,0.141,0.762,Spánn,10.177425562012873,0.23625332793348297,0.13885126375386464,0.6193681137066483,77.98281794409553,NA,NA
2004,0.6659999999999999,0.139,0.774,Spánn,15.06706662461888,0.9782270175448092,0.12863057643764095,0.8846414485095513,85.91612549117842,NA,NA
2005,0.693,0.11199999999999999,0.78,Spánn,15.63486363035579,1.1154623292930268,0.11884309351801735,0.9724566873723293,100.28552345229544,NA,NA
2006,0.6970000000000001,0.11199999999999999,0.785,Spánn,18.099133686910488,2.71031532745073,0.11665778226545175,1.3965570873254622,108.76860531011347,NA,NA
2007,0.703,0.10300000000000001,0.7829999999999999,Spánn,20.347906945980462,4.3978464587632455,0.16875938024941373,1.5763770822904692,115.77640677545257,NA,NA
2008,0.6579999999999999,0.16399999999999998,0.7859999999999999,Spánn,12.336383340608823,5.542397480260658,0.09816635299755004,1.8196223057179899,127.81174346639746,0.006089184501398762,0.10547337439922855
2009,0.574,0.27399999999999997,0.7909999999999999,Spánn,7.877578176979375,7.420599104330507,0.06485138852494902,1.7155747931473628,134.2261991414254,0.007548382435561077,0.08928658080920816
2010,0.5529999999999999,0.305,0.795,Spánn,7.090128763107415,7.799261907918442,0.05867384692521659,2.6564305000659005,134.83385325477596,0.01310067592400517,0.0467114264503463
2011,0.551,0.305,0.792,Spánn,7.1812768403768406,7.561324391039702,0.07024524877976429,2.451094874799238,134.3790325357035,0.02107571430035572,0.051458977555690864
2012,0.521,0.345,0.7959999999999999,Spánn,5.820032812872095,8.322213705424383,0.054120048531421154,2.4710260483364523,134.56427256122305,0.011226007696165984,0.04447637334861952
2013,0.507,0.358,0.789,Spánn,5.32364826516879,9.845806803373778,0.09606544606603414,4.845703354881811,132.47968009777213,0.011482353361333391,0.03949071062589428
2014,0.523,0.33299999999999996,0.785,Spánn,5.6859821466838,6.884795031109917,0.11238803522272453,4.431653318407961,128.2125547272795,0.03411894959356797,0.043913348372794106
2015,0.552,0.298,0.787,Spánn,6.237536535381518,5.36824391578661,0.27390560629314076,2.4632543196532293,126.88515608945794,0.021977951417479828,0.04794209990577707
2016,0.5760000000000001,0.261,0.779,Spánn,7.568072197569363,5.110670483196574,0.3497748992817505,3.2476299074567994,127.34966729942043,0.14768608414309153,0.07308954164224428
2017,0.596,0.23399999999999999,0.779,Spánn,9.744402392210118,6.055590511730536,0.6472843958965866,1.4284526492445586,129.37463623831147,0.08789485986776358,0.1712767807203119
2018,0.616,0.207,0.7759999999999999,Spánn,11.97015186390136,4.923899844751036,1.1274628112752874,1.9421421652173754,132.55530088993913,0.06195320942662915,0.19249365070553684
2019,0.627,0.18899999999999997,0.774,Spánn,14.095933630310165,4.6647135130572615,2.444838652961729,2.099888509498219,138.72483465681336,0.8156184695592378,0.41651312786965766
2020,0.574,0.233,0.75,Spánn,8.246190504899253,3.613378203694023,1.8235402993325933,2.6653610860026626,147.62519009069345,1.0781176536671362,1.5572575921982756
2021,0.604,0.21600000000000003,0.7709999999999999,Spánn,0,0,1.3102544025530458,0,144.86541177074153,0.4310464410914713,1.0689529144518397
2000,0.498,0.124,0.568,Svíþjóð,4.787247951784197,1.417475342962307,1.7911180562193083,4.859384101553271,97.0443114333994,NA,NA
2001,0.618,0.1,0.687,Svíþjóð,4.959215770119547,1.4278386724405214,2.5828569655696634,4.091631226433833,112.82623365227576,NA,NA
2002,0.621,0.102,0.691,Svíþjóð,5.333693372295226,1.5695308438357145,3.603041358168552,4.234416736881734,115.17205679353185,NA,NA
2003,0.623,0.111,0.701,Svíþjóð,5.3568605948137975,1.6893958540033347,3.299869885039816,3.7085442752543134,117.59173015389645,NA,NA
2004,0.613,0.135,0.708,Svíþjóð,5.290467573703507,1.7813909415364415,2.399835259420824,3.1799512850009797,119.8677850108756,NA,NA
2005,0.61,0.14400000000000002,0.713,Svíþjóð,5.681003308353546,1.7555659091958673,1.8521375388210752,4.349156498866447,121.85002891057788,NA,NA
2006,0.616,0.134,0.7120000000000001,Svíþjóð,8.853911885527085,2.2061545909446014,2.5881817599151415,5.605524626050575,123.97822323998244,NA,NA
2007,0.631,0.121,0.718,Svíþjóð,9.131520634956377,2.233033704401562,3.832274114397394,3.655078714219455,128.4633857570097,NA,NA
2008,0.64,0.122,0.7290000000000001,Svíþjóð,9.037013271343922,2.087066532648404,2.5274308462619848,3.281473385237752,133.16844618319655,0.8509009951474239,2.3531290107996634
2009,0.621,0.154,0.7340000000000001,Svíþjóð,8.909920210889656,1.9740792935471827,2.6019216838134964,3.1517946097182,137.82581557135163,0.7630253098560286,1.816419659403569
2010,0.612,0.16399999999999998,0.732,Svíþjóð,8.326285909207282,2.3506816016965426,3.3933200549235236,3.4304276619723058,142.5405552556261,0.9074302758193504,2.0478494062409665
2011,0.625,0.163,0.746,Svíþjóð,7.92690102543957,2.502535660101325,3.137614803175205,3.836085448782206,147.03389148898702,0.9307650497141774,1.5958995963262985
2012,0.628,0.161,0.7490000000000001,Svíþjóð,8.574508904414877,2.7942999222953513,4.297864388002621,5.202440201193796,150.05884312411555,1.3020807344680783,1.3640595673310203
2013,0.629,0.16399999999999998,0.752,Svíþjóð,9.844095657106692,2.557608693161329,4.871789369872466,5.1380289976203,152.99758113590158,2.501465047090874,1.2541178083270506
2014,0.635,0.16399999999999998,0.76,Svíþjóð,10.923458440270604,2.7162453376897218,6.844500961984219,4.4009424402891675,157.6091636796425,3.1610631279261105,0.965851751811681
2015,0.6409999999999999,0.162,0.765,Svíþjóð,11.600558944556909,3.194245887641858,15.017374407641944,4.889285157752437,163.01471255307712,3.302316121660347,1.6664654594163615
2016,0.649,0.159,0.7709999999999999,Svíþjóð,14.390583735745109,2.3620676067908715,2.13562595345843,6.055475081038298,168.22236550202223,6.710614016647644,2.948175597792864
2017,0.6629999999999999,0.154,0.784,Svíþjóð,12.405824594999151,2.3230968924788433,2.046691612740295,6.822239091561237,176.65508846708914,2.662140778776847,3.4138040574903097
2018,0.667,0.157,0.7909999999999999,Svíþjóð,11.224234573913181,2.366239927117019,1.6795713898920073,6.255887467734097,183.62403153152047,1.0466609305061367,2.0368119985671065
2019,0.6579999999999999,0.155,0.779,Svíþjóð,9.535078113507998,2.461063881618323,2.1086911346830512,6.234040102392399,189.3185332888149,0.5900443705583717,1.429142918961662
2020,0.63,0.193,0.78,Svíþjóð,6.340112526807505,2.5805905744986886,1.2416158333400944,7.730471135981418,194.0527229393427,0.4273940149770453,1.237752384617138
2021,0.649,0.19399999999999998,0.805,Svíþjóð,0,0,0.922155661027676,0,194.89599082625531,0.2832232379002232,0.7003774645702131
2000,0.7829999999999999,0.027000000000000003,0.805,Sviss,8.17440929811741,5.466958972752898,2.4511953231026204,3.0140933291575323,0,NA,NA
2001,0.757,0.046,0.7929999999999999,Sviss,8.826223281696201,5.022661270157515,2.8548509426294104,2.8518066539018716,217.35017636809988,NA,NA
2002,0.7879999999999999,0.03,0.812,Sviss,9.270868995713514,4.62211901733401,3.5850215395056577,3.7994419578204015,0,NA,NA
2003,0.726,0.081,0.79,Sviss,8.885268051432606,4.242538699403543,2.811690199839161,3.677611751570581,0,NA,NA
2004,0.723,0.083,0.789,Sviss,9.406430041249719,4.385066307821262,1.83243373886581,3.6751521660230164,0,NA,NA
2005,0.7170000000000001,0.086,0.784,Sviss,9.342196625681245,4.59169925546408,1.3017142666592803,3.978961737318606,0,NA,NA
2006,0.727,0.079,0.789,Sviss,10.203856660967793,4.921207893975562,1.4071474431565747,4.715701031609708,0,NA,NA
2007,0.737,0.071,0.7929999999999999,Sviss,13.781802083056055,5.361193582353446,1.3754256489470364,4.365976583331976,0,NA,NA
2008,0.755,0.062,0.804,Sviss,15.732622564031216,4.913780343204916,2.1602641116072383,4.471031461060851,0,0.6322182058967979,0.3563173962913701
2009,0.757,0.069,0.8140000000000001,Sviss,12.272606120587326,4.93153777096404,2.0657731211110986,4.222715575441202,0,0.7786842483153044,0.6030606035874745
2010,0.746,0.078,0.809,Sviss,16.84760591495621,8.356901229534909,1.7269208208145526,3.5953129173370684,0,1.0000115017297322,0.9290841683802115
2011,0.757,0.067,0.812,Sviss,17.684150287725743,8.064308207020982,2.455766875166511,3.1665503091604617,242.69146791945195,0.8145446714244332,0.9927460657934715
2012,0.7609999999999999,0.07,0.8190000000000001,Sviss,17.67481015363403,8.208345749663524,3.2038821232481096,2.8696259694897788,249.95920274217596,0.5352100030249369,1.5631133265915214
2013,0.759,0.077,0.8220000000000001,Sviss,18.883479579189714,8.624801065500227,2.3500045615554086,2.9711919851122697,254.1628210735454,0.7893097909274742,1.273897790995712
2014,0.763,0.077,0.826,Sviss,18.305590448042327,8.40761708345922,2.5403467191035,3.7490935619881482,259.75747394624216,1.8824846012393257,0.7876760089519074
2015,0.765,0.079,0.831,Sviss,17.855819051438967,8.84345330905373,4.451247090516539,4.553753635118718,264.5619058634951,1.6903317131101403,0.9490005189318359
2016,0.7659999999999999,0.08199999999999999,0.8340000000000001,Sviss,16.77468019309871,9.238136207154762,3.0549360625050905,4.577507597332198,268.9004164888203,1.5752387280860884,1.1249999104299435
2017,0.758,0.08,0.8240000000000001,Sviss,15.991203802630295,9.332294032277492,1.922068038723903,4.850544863990467,273.76850988791307,1.729210488516457,0.1928575502074461
2018,0.7659999999999999,0.079,0.831,Sviss,16.134686863682827,9.45970245211395,1.550915298414073,4.603769622660722,276.1070839773948,1.7881624701517806,0.21082112538078465
2019,0.7709999999999999,0.073,0.831,Sviss,16.173466055918876,9.33753766640856,1.4378539243033464,4.3055153884188035,277.8740752488548,1.258267951600414,0.17958597270293214
2020,0.77,0.07400000000000001,0.833,Sviss,15.618585881037303,8.108546138823385,1.1078735426600774,3.634797648112968,280.0471627671139,1.179648004149027,0.1279206128149828
2021,0.752,0.081,0.818,Sviss,0,0,1.5013938312881512,0,281.77708950008014,1.0371281536452785,0.10457469471658763
2000,0.614,0.08900000000000001,0.6729999999999999,Bretland,4.351403001711866,2.3183243777623788,1.321110520799785,1.3033134409643437,0,NA,NA
2001,0.626,0.073,0.674,Bretland,4.5102249562093055,1.9747258370305452,1.197282845456574,1.429380629132508,0,NA,NA
2002,0.63,0.076,0.682,Bretland,3.301571040788434,0.9769955120700468,1.7329036776587252,1.9140858108970946,0,NA,NA
2003,0.628,0.07400000000000001,0.6779999999999999,Bretland,3.6890059339672634,0.9390196922825761,1.0045833886544489,1.9721090358813176,0,NA,NA
2004,0.634,0.07400000000000001,0.684,Bretland,4.47036485049532,1.017508417463487,0.6751418556858136,2.2052243085629972,0,NA,NA
2005,0.637,0.073,0.688,Bretland,4.270584498678733,0.8276326547827004,0.5070077643198823,2.4369146940483746,0,NA,NA
2006,0.662,0.076,0.716,Bretland,5.129295482881001,1.1508034737233015,0.4640204006548598,2.3566811136890755,83.95933343292715,NA,NA
2007,0.664,0.076,0.7190000000000001,Bretland,5.137063792955129,1.4514243732476395,0.4454568174748233,2.5095127413451688,89.87415416817687,NA,NA
2008,0.679,0.067,0.728,Bretland,4.723102304401614,2.086576018040439,0.5044176211053573,1.9608962067212592,96.35452201137129,0.11468080595276522,0.2702843818717499
2009,0.6659999999999999,0.084,0.727,Bretland,5.284250431324934,2.120124793115171,0.49204562906881266,3.2205498684992597,98.9712801149673,0.1348367245318323,0.36475783372458737
2010,0.6679999999999999,0.08,0.727,Bretland,5.768055095952393,4.015331171767964,0.36034410495846236,3.0619608939886285,100.97283188687932,0.1034107115268813,0.32178417862640496
2011,0.667,0.095,0.737,Bretland,6.8736509966122386,2.733658902100959,0.4022112930293515,2.7660519700160284,105.14315800335133,0.11440283497809794,0.2486365481188358
2012,0.665,0.09300000000000001,0.733,Bretland,5.635347789648636,2.401694183332148,0.4254138174018598,3.0143773576435016,105.72585869593028,0.12322417868730302,0.2227453624933541
2013,0.675,0.08900000000000001,0.741,Bretland,6.2085007353641535,2.355486459899465,0.46011542133241473,3.2194976124882837,108.93705257261708,0.13337357107377767,0.2187014580648378
2014,0.6940000000000001,0.071,0.747,Bretland,7.415233508954135,2.3995014486177264,0.4792346215797352,1.9330693283154545,108.85996249470871,0.15666422361297672,0.24583279357451282
2015,0.705,0.064,0.754,Bretland,7.172473600612772,2.3191509929176197,0.5875592078480562,1.8023642868931693,115.55822563385546,0.21432948414679065,0.3733679512438897
2016,0.7190000000000001,0.055,0.7609999999999999,Bretland,5.605649788187172,1.9497912306737988,0.5733300182820347,2.2570356769448185,124.93896620301952,0.15141347525701218,0.32118240702153944
2017,0.725,0.051,0.764,Bretland,6.4506136100769735,2.3319119623282956,0.4974997891058191,1.8533703146304958,131.1170498818228,0.12976938647502267,0.29307893526535167
2018,0.737,0.047,0.773,Bretland,5.684757633526027,0,0.5502325185838004,2.348050102693513,131.34534146251517,0.1521023006507811,0.28561515634325296
2019,0.747,0.043,0.78,Bretland,6.533635657165469,0,0.6479800748559732,2.3708618287697494,124.96106288433818,0.22441192436039645,0.20367740032843187
2021,0.755,0.044000000000000004,0.799,Bretland,0,0,0.8210605696051094,0,0,0,0
2000,0.705,0.043,0.736,Bandaríkin,2.97846902080802,0,0.13942324869062733,3.143590235341447,105.58807565618653,NA,NA
2001,0.698,0.054000000000000006,0.738,Bandaríkin,3.712888654836103,0,0.20552414209470643,2.130761928084412,108.7978548400123,NA,NA
2002,0.685,0.064,0.732,Bandaríkin,3.6816385552151547,0,0.20038926145109967,1.989377196176275,113.18871848614458,NA,NA
2003,0.685,0.066,0.7340000000000001,Bandaríkin,2.4239668068642577,0,0.14689360459508705,1.5927623737197147,114.06498491028854,NA,NA
2004,0.6970000000000001,0.055999999999999994,0.738,Bandaríkin,3.2701320862028935,0,0.1514214404686079,1.8331840430018447,114.73663977213964,NA,NA
2005,0.705,0.048,0.74,Bandaríkin,3.795539755788811,0,0.13147146431527523,2.042782036754558,118.90157818173861,NA,NA
2006,0.716,0.042,0.747,Bandaríkin,4.240429563502251,0,0.13683226771646748,2.352487455656868,123.34690614159038,NA,NA
2007,0.718,0.044000000000000004,0.7509999999999999,Bandaríkin,3.491792933658431,0,0.1331834121688461,2.1910611671784723,124.06287971352184,NA,NA
2008,0.708,0.059000000000000004,0.752,Bandaríkin,3.6523283069681165,0,0.12799333216628178,3.45847375347132,122.925385504032,NA,NA
2009,0.677,0.09699999999999999,0.75,Bandaríkin,3.6949647957715137,0,0.12413146723273659,2.434926091201899,123.1772782929931,NA,NA
2010,0.6759999999999999,0.098,0.75,Bandaríkin,3.3786107157107774,0,0.1388982537494293,2.0109551136286803,126.77659845712277,NA,NA
2011,0.675,0.091,0.743,Bandaríkin,3.415797257878379,0,0.19443585329223534,2.2345985665395403,127.22753424787625,NA,NA
2012,0.677,0.081,0.737,Bandaríkin,3.293263985125517,0,0.2106393923630029,2.4191654645369445,128.36817294758617,NA,NA
2013,0.684,0.07,0.735,Bandaríkin,3.1405656092196965,0,0.21015317072112275,2.4729707367824116,129.39819609600832,NA,NA
2014,0.691,0.057999999999999996,0.7340000000000001,Bandaríkin,3.1991825880187212,0,0.29255967205802985,2.057132924196629,129.11559403042082,NA,NA
2015,0.6920000000000001,0.05,0.7290000000000001,Bandaríkin,3.2825413176921043,0,0.41524106046176595,2.281197527233,131.28628507202964,NA,NA
2016,0.7,0.043,0.732,Bandaríkin,3.670104184749917,0,0.6322403516828637,2.335084972067583,131.41107306022465,NA,NA
2017,0.71,0.04,0.74,Bandaríkin,3.4732148406705803,0,0.7887251525371414,2.1791442014675786,132.8310572573516,NA,NA
2018,0.716,0.035,0.742,Bandaríkin,3.3600723641241212,0,0.6109842748215609,2.3357428915461624,132.6453276656319,NA,NA
2019,0.722,0.031,0.746,Bandaríkin,3.141516607228339,0,0.7732465395869623,2.5675360785617998,132.90264138648357,NA,NA
2020,0.67,0.09,0.736,Bandaríkin,2.132683851286397,0,0.6221367363267715,1.8946997095756066,120.7273502698694,NA,NA
2021,0.7,0.055999999999999994,0.742,Bandaríkin,0,0,0.5677479700619246,0,123.37080953423813,NA,NA
2000,0.63,0.122,0.718,Eistland,0,0,0.0021474818985171636,0,0,NA,NA
2001,0.625,0.138,0.725,Eistland,0,0,0.008644816891972208,0,0,NA,NA
2002,0.632,0.13,0.727,Eistland,0,0,0.006524812411643165,2.965889730670243,0,NA,NA
2003,0.635,0.13699999999999998,0.736,Eistland,0,0,0.010213610365355433,2.7036885724290882,0,NA,NA
2004,0.6659999999999999,0.124,0.76,Eistland,0.5240174672489083,0.2282485046420315,0.0102748522989982,4.787347253311805,0,NA,NA
2005,0.6890000000000001,0.105,0.769,Eistland,0.6857227214851175,0.25760735177427985,0.008119429425550367,5.220054990681109,0,NA,NA
2006,0.718,0.078,0.779,Eistland,1.0736481018109458,0.1819113312196969,0.005197466606277054,3.52907982566212,0,NA,NA
2007,0.742,0.057,0.7879999999999999,Eistland,1.4209207267953576,0.14395679804278427,0.010442462034191604,3.155115314616463,0,NA,NA
2008,0.748,0.06,0.7959999999999999,Eistland,1.4426852343522127,0.11293181461232976,0.010470499368030574,1.5885243326926384,0,0.003739464060010919,0.003739464060010919
2009,0.6779999999999999,0.14800000000000002,0.7959999999999999,Eistland,1.6440429669205667,0.14462182890413372,0.026976092438076756,1.2513909547663382,0,0,0.011240038515865315
2010,0.591,0.228,0.7659999999999999,Eistland,0.8772226290392233,0.14194783980172365,0.02253140314313074,0.8929946112394149,0,0.01126570157156537,0.018776169285942283
2011,0.636,0.16899999999999998,0.765,Eistland,1.2309416854559794,0.11601286386794422,0.0504731290854043,1.143555372412593,0,0.0037666514242839034,0.037666514242839025
2012,0.672,0.129,0.772,Eistland,0.8150020866472719,0.08618760471037941,0.05821443476051942,1.013082371157091,99.83775561429081,0.007560316202664861,0.034021422911991867
2013,0.684,0.11,0.769,Eistland,1.2116871282711568,0.08042506925281317,0.07359652563700828,1.0091070010022785,151.01248333645677,0.0037936353421138286,0.034142718079024456
2014,0.68,0.09300000000000001,0.7490000000000001,Eistland,1.021646273045046,0.08748274117660483,0.028146621074211987,1.2278012544264365,149.79175304002527,0.015214389769844319,0.02662518209722756
2015,0.7020000000000001,0.078,0.762,Eistland,5.603951900490489,0.5149824130082884,0.10573494151868847,0.6823326801601695,148.11715735793484,0.060854642600684,0.07987171841339777
2016,0.708,0.09,0.778,Eistland,5.549517780192888,1.8467992612802955,0.05243997902400839,1.3489994604002158,147.31910107235956,0.0949999620000152,0.049399980240007905
2017,0.7170000000000001,0.064,0.7659999999999999,Eistland,6.555415884814146,2.9194221274890237,0.12145281861628804,0.6695086626222878,146.1532856023756,0.07211261105342102,0.045544806981108014
2018,0.701,0.079,0.7609999999999999,Eistland,6.9774285029164655,2.7163861398496345,0.06051542500361201,0.579435194409585,148.46400504698644,0.015128856250903003,0.04538656875270901
2019,0.746,0.062,0.7959999999999999,Eistland,8.285758428765766,4.686269411503141,0.06406125763553666,0.5871025846833301,149.25745465781867,0.033914783454107644,0.033914783454107644
2020,0.748,0.078,0.816,Eistland,3.6608325516988236,2.2617882644253875,0.026326102179876475,0.5791742479572826,149.6977387382576,0.018804358699911768,0.03384784565984119
2021,0.7120000000000001,0.09699999999999999,0.7879999999999999,Eistland,0,0,0.04508119122539694,0,129.9841013665612,0.03756765935449745,0.018783829677248724
2012,0.748,0.052000000000000005,0.789,Ísrael,2.7851501638639657,0,0,0,230.66989864768772,NA,NA
2013,0.758,0.047,0.7959999999999999,Ísrael,2.8214063083165914,0,0,0,224.03373130891217,NA,NA
2014,0.774,0.046,0.812,Ísrael,4.176775400369149,0,0,0,218.4399369594779,NA,NA
2015,0.78,0.043,0.8140000000000001,Ísrael,4.961367632007498,0,0,0,213.4794977989055,NA,NA
2016,0.7859999999999999,0.04,0.8190000000000001,Ísrael,4.591382948461674,0,0,0,209.1186658006094,NA,NA
2017,0.789,0.037000000000000005,0.8190000000000001,Ísrael,4.741275030218283,0,1.6919025100570761,0,204.7257125569878,NA,NA
2018,0.7879999999999999,0.035,0.816,Ísrael,5.183183972916538,0,1.74810453142738,0,200.63462228648652,NA,NA
2019,0.7909999999999999,0.034,0.8190000000000001,Ísrael,6.140030965230275,0,1.0390957569593902,0,196.53025074149332,NA,NA
2020,0.7829999999999999,0.042,0.8170000000000001,Ísrael,3.3134699487678554,0,0.20466379522421482,0,193.50386696289021,NA,NA
2021,0.779,0.046,0.816,Ísrael,0,0,0.20458975109991015,0,188.67958778368543,NA,NA
2000,0.64,0.09,0.7040000000000001,Slóvenía,0,0.949116502668982,4.644591292044505,0,89.50183693485111,NA,NA
2001,0.679,0.08199999999999999,0.7390000000000001,Slóvenía,0,1.5737675291849793,0.7585208091223297,0,90.6399736952413,NA,NA
2002,0.6629999999999999,0.078,0.7190000000000001,Slóvenía,0,2.22075463567498,0.35175310339436733,0,91.3210183001807,NA,NA
2003,0.64,0.081,0.696,Slóvenía,0,1.813926770844758,0.5508888591742777,0,91.32785749807314,NA,NA
2004,0.648,0.077,0.7020000000000001,Slóvenía,0,2.753624930145358,0.6399586580697886,0,92.1525445116785,NA,NA
2005,0.672,0.069,0.722,Slóvenía,0,3.1047706427519874,0.9164895153399556,0,108.47857743237017,NA,NA
2006,0.6679999999999999,0.07200000000000001,0.72,Slóvenía,0,5.214795401181767,0.25790185390606796,0,110.63043560519309,NA,NA
2007,0.679,0.057,0.72,Slóvenía,13.619846628166897,5.4298145098113,0.21045792673687214,0.7769611460003586,112.59449560910485,NA,NA
2008,0.684,0.053,0.722,Slóvenía,12.800666854870567,3.588399058848657,0.11766863819316345,0.8459287392794229,119.38373275573522,0,0.07663293663840477
2009,0.6609999999999999,0.07400000000000001,0.713,Slóvenía,11.661162346040195,6.613998193244497,0.08960332168816575,0.777541392572717,108.11693478298125,0.00734453456460375,0.05630809832862875
2010,0.653,0.096,0.722,Slóvenía,5.2784881964766805,4.983259819027444,0.11711538940135005,0.8324952263279299,114.38904073224445,0.009759615783445837,0.04635817497136773
2011,0.619,0.115,0.6990000000000001,Slóvenía,4.645563255665297,3.1152314060538973,0.1797811055417404,0.8321575291742347,106.80849073518291,0.012180291703369945,0.09257021694561159
2012,0.639,0.109,0.7170000000000001,Slóvenía,5.311579944579047,2.6771880237051504,0.12838830849376198,0.6871692420518397,107.14976982505148,0.01458958051065477,0.08996907981570443
2013,0.605,0.153,0.715,Slóvenía,5.132790122353595,2.5234154107057694,0.11752627586427948,0.6745619717995216,107.94739873557268,0.016997601881197446,0.07770332288547403
2014,0.5820000000000001,0.13,0.669,Slóvenía,4.856368016848862,2.812347359337765,0.09507072825633009,0.4831145170576774,108.73229489581752,0.021827463120075788,0.024252736800084204
2015,0.613,0.11900000000000001,0.696,Slóvenía,5.3967932365103195,2.7837060856187144,0.06107382322618109,0.5695376372282761,109.37643141773187,0.021812079723636104,0.04120059503353486
2016,0.624,0.111,0.703,Slóvenía,5.947464467569436,2.879993179091007,0.6108782840763264,0.593438459947264,109.01101179561883,0.08235472505390601,0.04844395591406236
2017,0.6629999999999999,0.084,0.7240000000000001,Slóvenía,6.843609960695222,3.250472736635722,0.6654854098978734,0.7090444549093705,110.65933390476347,0.07259840835249527,0.04355904501149717
2018,0.67,0.065,0.7170000000000001,Slóvenía,10.46834617521316,2.9578995676432935,1.3236395256153233,0.9139875848409459,112.6402743895075,0.04830801188377092,0.06521581604309075
2019,0.68,0.059000000000000004,0.723,Slóvenía,11.590429376205542,3.68064097716471,1.7230568943813986,0.8868956736913144,117.93989403200099,0.04068328778400525,0.06222149896377272
2020,0.6859999999999999,0.069,0.738,Slóvenía,10.238909474955312,7.9076207808483865,1.6332353392129806,0.7894764409373533,124.03017723698483,0.04047376205046745,0.10475561942473928
2021,0.6759999999999999,0.067,0.725,Slóvenía,0,0,2.4394793182936745,0,123.87239339973716,0.007119103068950411,0.07593709940213773
2017,0.6659999999999999,0.08,0.7240000000000001,Latvía,2.3457366648011297,0,0.17762931285258776,0.05148675734857616,128.116557780756,0.13643990697372682,0.046338081613718544
2018,0.69,0.077,0.748,Latvía,3.1875755641692223,0,0.09080672696233337,0.057078514090609545,126.09577774664405,0.018161345392466673,0.04929508035098097
2019,0.705,0.07,0.758,Latvía,3.265187117324145,0,0.09405243736891442,0.06165659783073279,124.48362599316762,0.01828797393284447,0.06270162491260961
2020,0.708,0.08800000000000001,0.784,Latvía,2.2126361784168784,1.8206233477580023,0.07366684066072841,0.07471922409873882,124.41119146643318,0.013154792975130074,0.052619171900520297
2021,0.6709999999999999,0.08,0.7290000000000001,Latvía,0,0,0.3077759051795501,0,119.92647339754883,0.04775833011406812,0.058371292361638814
2000,NA,NA,NA,Ísrael,9.55097627679196,0,0.9775488138395981,0,263.9803154614259,NA,NA
2000,NA,NA,NA,Kanada,7.408557658559858,0,1.115991048607936,6.930778573623636,0,NA,NA
2000,NA,NA,NA,Latvía,0.4789763590954189,0,0,0.02407553127728296,0,NA,NA
2000,NA,NA,NA,Nýja Sjáland,9.709671565958992,4.049563211239858,0,7.659227000544366,0,NA,NA
2001,NA,NA,NA,Ísrael,6.732411865196459,0,0.07081845006988663,0,262.20593259822954,NA,NA
2001,NA,NA,NA,Kanada,8.07590959153928,0,1.4194300346263304,5.366832982483875,175.20605944985093,NA,NA
2001,NA,NA,NA,Latvía,0,0,0,0.030378594301146856,179.08566421298903,NA,NA
2002,NA,NA,NA,Ísrael,7.7882800608828004,0,0.053881278538812784,0,258.93926940639267,NA,NA
2002,NA,NA,NA,Kanada,7.299694621305004,0,1.258606523280761,4.495109849691387,0,NA,NA
2002,NA,NA,NA,Latvía,0,0,0,0.018613300458493204,0,NA,NA
2003,NA,NA,NA,Ísrael,5.2588307397940115,0,0,0,254.0499573971927,NA,NA
2003,NA,NA,NA,Kanada,6.995854004426996,0,1.008120710802051,4.850299083289903,0,NA,NA
2003,NA,NA,NA,Latvía,0,0,0,0.013549217532687488,0,NA,NA
2004,NA,NA,NA,Ísrael,4.498751652224997,0,0.13526215303275077,0,247.53062123659862,NA,NA
2004,NA,NA,NA,Kanada,7.3831297448346005,0,0.8024569314561646,6.025142565172818,0,NA,NA
2004,NA,NA,NA,Latvía,0,0,0,0.03623311680363816,0,NA,NA
2005,NA,NA,NA,Ísrael,4.349414613986927,0,0.1307335160331815,0,241.0421567971039,NA,NA
2005,NA,NA,NA,Kanada,8.133079297561919,0,0.6440007154254035,6.16271313081948,0,NA,NA
2005,NA,NA,NA,Latvía,0.5489550424133655,0,0,0.06253352802105057,0,NA,NA
2006,NA,NA,NA,Ísrael,3.7437052602269985,0,0.1911051876694056,0,234.73586300083062,NA,NA
2006,NA,NA,NA,Kanada,7.725757751317162,0,0.7012335508692441,8.006281873659207,189.56700793161463,NA,NA
2006,NA,NA,NA,Latvía,1.0223810388887962,0,0,0.10638532856162078,0,NA,NA
2007,NA,NA,NA,Ísrael,3.3775227400621537,0,0.7495702192492891,0,228.67866522184292,NA,NA
2007,NA,NA,NA,Kanada,7.198510749406528,0,0.8422262441650368,6.076555933172235,0,NA,NA
2007,NA,NA,NA,Latvía,1.078477043164078,0,0,0.09316805471918921,0,NA,NA
2008,NA,NA,NA,Austurríki,NA,NA,NA,NA,NA,NA,NA
2008,NA,NA,NA,Búlgaría,NA,NA,NA,NA,NA,NA,NA
2008,NA,NA,NA,Hungary,NA,NA,NA,NA,NA,NA,NA
2008,NA,NA,NA,Ísrael,2.6078170204527558,0,1.0587244545783538,0,222.41491244452746,NA,NA
2008,NA,NA,NA,Króatía,NA,NA,NA,NA,NA,NA,NA
2008,NA,NA,NA,Kýpur,NA,NA,NA,NA,NA,NA,NA
2008,NA,NA,NA,Latvía,1.1229380652580876,0,0,0.07026974396093552,0,0,0.004592793722936962
2008,NA,NA,NA,Liechtenstein,NA,NA,NA,NA,NA,NA,NA
2008,NA,NA,NA,Litáen,NA,NA,NA,NA,NA,NA,NA
2008,NA,NA,NA,Malta,NA,NA,NA,NA,NA,NA,NA
2008,NA,NA,NA,Rúmenía,NA,NA,NA,NA,NA,NA,NA
2008,NA,NA,NA,Svartfjallaland,NA,NA,NA,NA,NA,NA,NA
2009,NA,NA,NA,Austurríki,NA,NA,NA,NA,NA,NA,NA
2009,NA,NA,NA,Búlgaría,NA,NA,NA,NA,NA,NA,NA
2009,NA,NA,NA,Hungary,NA,NA,NA,NA,NA,NA,NA
2009,NA,NA,NA,Ísrael,2.806334591978027,0,0.10807467438997591,0,214.6062454871476,NA,NA
2009,NA,NA,NA,Króatía,NA,NA,NA,NA,NA,NA,NA
2009,NA,NA,NA,Kýpur,NA,NA,NA,NA,NA,NA,NA
2009,NA,NA,NA,Latvía,0.9903495779924807,0,0,0.06583653488776038,0,0.0023346288967290916,0.01634240227710364
2009,NA,NA,NA,Liechtenstein,NA,NA,NA,NA,NA,NA,NA
2009,NA,NA,NA,Litáen,NA,NA,NA,NA,NA,NA,NA
2009,NA,NA,NA,Malta,NA,NA,NA,NA,NA,NA,NA
2009,NA,NA,NA,Rúmenía,NA,NA,NA,NA,NA,NA,NA
2009,NA,NA,NA,Svartfjallaland,NA,NA,NA,NA,NA,NA,NA
2010,NA,NA,NA,Austurríki,NA,NA,NA,NA,NA,NA,NA
2010,NA,NA,NA,Búlgaría,NA,NA,NA,NA,NA,NA,NA
2010,NA,NA,NA,Hungary,NA,NA,NA,NA,NA,NA,NA
2010,NA,NA,NA,Ísrael,3.0483129865426406,0,0.18993748459545348,0,207.53385458580314,NA,NA
2010,NA,NA,NA,Króatía,NA,NA,NA,NA,NA,NA,NA
2010,NA,NA,NA,Kýpur,NA,NA,NA,NA,NA,NA,NA
2010,NA,NA,NA,Latvía,0.9806665195110683,0,0,0.06817467782697266,0,0.009534919975800372,0.014302379963700559
2010,NA,NA,NA,Liechtenstein,NA,NA,NA,NA,NA,NA,NA
2010,NA,NA,NA,Litáen,NA,NA,NA,NA,NA,NA,NA
2010,NA,NA,NA,Malta,NA,NA,NA,NA,NA,NA,NA
2010,NA,NA,NA,Rúmenía,NA,NA,NA,NA,NA,NA,NA
2010,NA,NA,NA,Svartfjallaland,NA,NA,NA,NA,NA,NA,NA
2011,NA,NA,NA,Austurríki,NA,NA,NA,NA,NA,NA,NA
2011,NA,NA,NA,Búlgaría,NA,NA,NA,NA,NA,NA,NA
2011,NA,NA,NA,Hungary,NA,NA,NA,NA,NA,NA,NA
2011,NA,NA,NA,Ísrael,2.95744229336921,0,0.7397790732531943,0,237.29331255170084,NA,NA
2011,NA,NA,NA,Króatía,NA,NA,NA,NA,NA,NA,NA
2011,NA,NA,NA,Kýpur,NA,NA,NA,NA,NA,NA,NA
2011,NA,NA,NA,Latvía,0,0,0,0.04757951362084954,145.42775439260865,0.007282578615436154,0.03641289307718077
2011,NA,NA,NA,Liechtenstein,NA,NA,NA,NA,NA,NA,NA
2011,NA,NA,NA,Litáen,NA,NA,NA,NA,NA,NA,NA
2011,NA,NA,NA,Malta,NA,NA,NA,NA,NA,NA,NA
2011,NA,NA,NA,Rúmenía,NA,NA,NA,NA,NA,NA,NA
2011,NA,NA,NA,Svartfjallaland,NA,NA,NA,NA,NA,NA,NA
2012,NA,NA,NA,Austurríki,NA,NA,NA,NA,NA,NA,NA
2012,NA,NA,NA,Búlgaría,NA,NA,NA,NA,NA,NA,NA
2012,NA,NA,NA,Hungary,NA,NA,NA,NA,NA,NA,NA
2012,NA,NA,NA,Króatía,NA,NA,NA,NA,NA,NA,NA
2012,NA,NA,NA,Kýpur,NA,NA,NA,NA,NA,NA,NA
2012,NA,NA,NA,Latvía,0,0,0.09290555486736626,0.08504053434949399,140.96869525208373,0.012289094559175432,0.05898765388404207
2012,NA,NA,NA,Liechtenstein,NA,NA,NA,NA,NA,NA,NA
2012,NA,NA,NA,Litáen,NA,NA,NA,NA,NA,NA,NA
2012,NA,NA,NA,Malta,NA,NA,NA,NA,NA,NA,NA
2012,NA,NA,NA,Rúmenía,NA,NA,NA,NA,NA,NA,NA
2012,NA,NA,NA,Svartfjallaland,NA,NA,NA,NA,NA,NA,NA
2013,NA,NA,NA,Austurríki,NA,NA,NA,NA,NA,NA,NA
2013,NA,NA,NA,Búlgaría,NA,NA,NA,NA,NA,NA,NA
2013,NA,NA,NA,Hungary,NA,NA,NA,NA,NA,NA,NA
2013,NA,NA,NA,Króatía,NA,NA,NA,NA,NA,NA,NA
2013,NA,NA,NA,Kýpur,NA,NA,NA,NA,NA,NA,NA
2013,NA,NA,NA,Latvía,0,0,0.09142189365546964,0.1217302388347286,137.64609491878107,0.014905743530783092,0.03229577765003004
2013,NA,NA,NA,Liechtenstein,NA,NA,NA,NA,NA,NA,NA
2013,NA,NA,NA,Litáen,NA,NA,NA,NA,NA,NA,NA
2013,NA,NA,NA,Malta,NA,NA,NA,NA,NA,NA,NA
2013,NA,NA,NA,Rúmenía,NA,NA,NA,NA,NA,NA,NA
2013,NA,NA,NA,Svartfjallaland,NA,NA,NA,NA,NA,NA,NA
2014,NA,NA,NA,Austurríki,NA,NA,NA,NA,NA,NA,NA
2014,NA,NA,NA,Búlgaría,NA,NA,NA,NA,NA,NA,NA
2014,NA,NA,NA,Hungary,NA,NA,NA,NA,NA,NA,NA
2014,NA,NA,NA,Króatía,NA,NA,NA,NA,NA,NA,NA
2014,NA,NA,NA,Kýpur,NA,NA,NA,NA,NA,NA,NA
2014,NA,NA,NA,Latvía,1.8482434164165145,0,0.14344575769202797,0.21366396075805566,134.84202158206625,0.01253896483321923,0.03510910153301384
2014,NA,NA,NA,Liechtenstein,NA,NA,NA,NA,NA,NA,NA
2014,NA,NA,NA,Litáen,NA,NA,NA,NA,NA,NA,NA
2014,NA,NA,NA,Malta,NA,NA,NA,NA,NA,NA,NA
2014,NA,NA,NA,Rúmenía,NA,NA,NA,NA,NA,NA,NA
2014,NA,NA,NA,Svartfjallaland,NA,NA,NA,NA,NA,NA,NA
2015,NA,NA,NA,Austurríki,NA,NA,NA,NA,NA,NA,NA
2015,NA,NA,NA,Búlgaría,NA,NA,NA,NA,NA,NA,NA
2015,NA,NA,NA,Hungary,NA,NA,NA,NA,NA,NA,NA
2015,NA,NA,NA,Króatía,NA,NA,NA,NA,NA,NA,NA
2015,NA,NA,NA,Kýpur,NA,NA,NA,NA,NA,NA,NA
2015,NA,NA,NA,Latvía,0.027812571585766638,0,0.1345117098511623,0.10872187074436049,132.98201841394513,0.007585246796118174,0.07585246796118175
2015,NA,NA,NA,Liechtenstein,NA,NA,NA,NA,NA,NA,NA
2015,NA,NA,NA,Litáen,NA,NA,NA,NA,NA,NA,NA
2015,NA,NA,NA,Malta,NA,NA,NA,NA,NA,NA,NA
2015,NA,NA,NA,Rúmenía,NA,NA,NA,NA,NA,NA,NA
2015,NA,NA,NA,Svartfjallaland,NA,NA,NA,NA,NA,NA,NA
2016,NA,NA,NA,Austurríki,NA,NA,NA,NA,NA,NA,NA
2016,NA,NA,NA,Búlgaría,NA,NA,NA,NA,NA,NA,NA
2016,NA,NA,NA,Hungary,NA,NA,NA,NA,NA,NA,NA
2016,NA,NA,NA,Króatía,NA,NA,NA,NA,NA,NA,NA
2016,NA,NA,NA,Kýpur,NA,NA,NA,NA,NA,NA,NA
2016,NA,NA,NA,Latvía,0,0,0.17504152770938003,0.28067883451941406,130.80092981242998,0.06889389574567435,0.06379064420895775
2016,NA,NA,NA,Liechtenstein,NA,NA,NA,NA,NA,NA,NA
2016,NA,NA,NA,Litáen,NA,NA,NA,NA,NA,NA,NA
2016,NA,NA,NA,Malta,NA,NA,NA,NA,NA,NA,NA
2016,NA,NA,NA,Rúmenía,NA,NA,NA,NA,NA,NA,NA
2016,NA,NA,NA,Svartfjallaland,NA,NA,NA,NA,NA,NA,NA
2017,NA,NA,NA,Austurríki,NA,NA,NA,NA,NA,NA,NA
2017,NA,NA,NA,Búlgaría,NA,NA,NA,NA,NA,NA,NA
2017,NA,NA,NA,Hungary,NA,NA,NA,NA,NA,NA,NA
2017,NA,NA,NA,Króatía,NA,NA,NA,NA,NA,NA,NA
2017,NA,NA,NA,Kýpur,NA,NA,NA,NA,NA,NA,NA
2017,NA,NA,NA,Liechtenstein,NA,NA,NA,NA,NA,NA,NA
2017,NA,NA,NA,Litáen,NA,NA,NA,NA,NA,NA,NA
2017,NA,NA,NA,Malta,NA,NA,NA,NA,NA,NA,NA
2017,NA,NA,NA,Nýja Sjáland,21.482258600631546,9.413536646169188,0.08891474156556424,7.781286355326575,0,NA,NA
2017,NA,NA,NA,Rúmenía,NA,NA,NA,NA,NA,NA,NA
2017,NA,NA,NA,Svartfjallaland,NA,NA,NA,NA,NA,NA,NA
2018,NA,NA,NA,Austurríki,NA,NA,NA,NA,NA,NA,NA
2018,NA,NA,NA,Búlgaría,NA,NA,NA,NA,NA,NA,NA
2018,NA,NA,NA,Hungary,NA,NA,NA,NA,NA,NA,NA
2018,NA,NA,NA,Króatía,NA,NA,NA,NA,NA,NA,NA
2018,NA,NA,NA,Kýpur,NA,NA,NA,NA,NA,NA,NA
2018,NA,NA,NA,Liechtenstein,NA,NA,NA,NA,NA,NA,NA
2018,NA,NA,NA,Litáen,NA,NA,NA,NA,NA,NA,NA
2018,NA,NA,NA,Malta,NA,NA,NA,NA,NA,NA,NA
2018,NA,NA,NA,Rúmenía,NA,NA,NA,NA,NA,NA,NA
2018,NA,NA,NA,Svartfjallaland,NA,NA,NA,NA,NA,NA,NA
2019,NA,NA,NA,Austurríki,NA,NA,NA,NA,NA,NA,NA
2019,NA,NA,NA,Búlgaría,NA,NA,NA,NA,NA,NA,NA
2019,NA,NA,NA,Hungary,NA,NA,NA,NA,NA,NA,NA
2019,NA,NA,NA,Króatía,NA,NA,NA,NA,NA,NA,NA
2019,NA,NA,NA,Kýpur,NA,NA,NA,NA,NA,NA,NA
2019,NA,NA,NA,Liechtenstein,NA,NA,NA,NA,NA,NA,NA
2019,NA,NA,NA,Litáen,NA,NA,NA,NA,NA,NA,NA
2019,NA,NA,NA,Malta,NA,NA,NA,NA,NA,NA,NA
2019,NA,NA,NA,Rúmenía,NA,NA,NA,NA,NA,NA,NA
2019,NA,NA,NA,Svartfjallaland,NA,NA,NA,NA,NA,NA,NA
2020,NA,NA,NA,Austurríki,NA,NA,NA,NA,NA,NA,NA
2020,NA,NA,NA,Bretland,0,0,0.5180584483582994,1.9274093854624081,120.7043984909401,0.1021895333648752,0.11255010604008865
2020,NA,NA,NA,Búlgaría,NA,NA,NA,NA,NA,NA,NA
2020,NA,NA,NA,Hungary,NA,NA,NA,NA,NA,NA,NA
2020,NA,NA,NA,Króatía,NA,NA,NA,NA,NA,NA,NA
2020,NA,NA,NA,Kýpur,NA,NA,NA,NA,NA,NA,NA
2020,NA,NA,NA,Liechtenstein,NA,NA,NA,NA,NA,NA,NA
2020,NA,NA,NA,Litáen,NA,NA,NA,NA,NA,NA,NA
2020,NA,NA,NA,Malta,NA,NA,NA,NA,NA,NA,NA
2020,NA,NA,NA,Rúmenía,NA,NA,NA,NA,NA,NA,NA
2020,NA,NA,NA,Svartfjallaland,NA,NA,NA,NA,NA,NA,NA
2021,NA,NA,NA,Austurríki,NA,NA,NA,NA,NA,NA,NA
2021,NA,NA,NA,Búlgaría,NA,NA,NA,NA,NA,NA,NA
2021,NA,NA,NA,Hungary,NA,NA,NA,NA,NA,NA,NA
2021,NA,NA,NA,Króatía,NA,NA,NA,NA,NA,NA,NA
2021,NA,NA,NA,Kýpur,NA,NA,NA,NA,NA,NA,NA
2021,NA,NA,NA,Liechtenstein,NA,NA,NA,NA,NA,NA,NA
2021,NA,NA,NA,Litáen,NA,NA,NA,NA,NA,NA,NA
2021,NA,NA,NA,Malta,NA,NA,NA,NA,NA,NA,NA
2021,NA,NA,NA,Rúmenía,NA,NA,NA,NA,NA,NA,NA
2021,NA,NA,NA,Svartfjallaland,NA,NA,NA,NA,NA,NA,NA
2022,NA,NA,NA,Austurríki,NA,NA,NA,NA,NA,NA,NA
2022,NA,NA,NA,Belgía,NA,NA,NA,NA,NA,0.3999094577288345,0.5353766225222601
2022,NA,NA,NA,Bretland,NA,NA,NA,NA,NA,0,0
2022,NA,NA,NA,Búlgaría,NA,NA,NA,NA,NA,NA,NA
2022,NA,NA,NA,Danmörk,NA,NA,NA,NA,NA,0.048716374804301195,0.0752112453119036
2022,NA,NA,NA,Eistland,NA,NA,NA,NA,NA,0.23291948799788417,0.026297361548148213
2022,NA,NA,NA,Finnland,NA,NA,NA,NA,NA,0.1506942765050478,0.18408163117981888
2022,NA,NA,NA,Frakkland,NA,NA,NA,NA,NA,0.38659243678412564,1.0570010169980026
2022,NA,NA,NA,Grikkland,NA,NA,NA,NA,NA,1.0242130918736503,0.783994538030632
2022,NA,NA,NA,Holland,NA,NA,NA,NA,NA,0.6721455032752907,0.09610226330240686
2022,NA,NA,NA,Hungary,NA,NA,NA,NA,NA,NA,NA
2022,NA,NA,NA,Írland,NA,NA,NA,NA,NA,0.45495723801048,0.04090624289129315
2022,NA,NA,NA,Ísland,NA,NA,NA,NA,NA,0.7382094528391535,0.29528378113566145
2022,NA,NA,NA,Ítalía,NA,NA,NA,NA,NA,0.3326867047430111,0.3386079021322841
2022,NA,NA,NA,Króatía,NA,NA,NA,NA,NA,NA,NA
2022,NA,NA,NA,Kýpur,NA,NA,NA,NA,NA,NA,NA
2022,NA,NA,NA,Latvía,NA,NA,NA,NA,NA,0.06633101404731682,0.04775833011406812
2022,NA,NA,NA,Liechtenstein,NA,NA,NA,NA,NA,NA,NA
2022,NA,NA,NA,Litáen,NA,NA,NA,NA,NA,NA,NA
2022,NA,NA,NA,Lúxemborg,NA,NA,NA,NA,NA,1.1795695430456956,0.2734101589841016
2022,NA,NA,NA,Malta,NA,NA,NA,NA,NA,NA,NA
2022,NA,NA,NA,Noregur,NA,NA,NA,NA,NA,0.14329773386190167,0.03143305129873972
2022,NA,NA,NA,Pólland,NA,NA,NA,NA,NA,0.06996447586492863,0.025548825456294163
2022,NA,NA,NA,Portúgal,NA,NA,NA,NA,NA,0.018450406666384405,0.010196277368265068
2022,NA,NA,NA,Rúmenía,NA,NA,NA,NA,NA,NA,NA
2022,NA,NA,NA,Slóvakía,NA,NA,NA,NA,NA,0.009187813798295514,0.005512688278977308
2022,NA,NA,NA,Slóvenía,NA,NA,NA,NA,NA,0.07593709940213773,0.03084944663211845
2022,NA,NA,NA,Spánn,NA,NA,NA,NA,NA,0.49422432632987806,0.7523239477971487
2022,NA,NA,NA,Svartfjallaland,NA,NA,NA,NA,NA,NA,NA
2022,NA,NA,NA,Sviss,NA,NA,NA,NA,NA,0.823382074334451,0.12985648904367475
2022,NA,NA,NA,Svíþjóð,NA,NA,NA,NA,NA,0.15121240667554292,0.2635416230630891
2022,NA,NA,NA,Tékkland,NA,NA,NA,NA,NA,0.012379950194508063,0.03428293900017618
2022,NA,NA,NA,Þýskaland,NA,NA,NA,NA,NA,1.1542262152260783,0.6485079235314005
