Dagsetning,Land,Fjöldi sem nýtur tímabundinnar verndar,Nýjar veitingar á tímabundinni vernd,Nýir umsækjendur um hæli,Umsækjendur um hæli í bið eftir niðurstöðu,Ákvarðanir teknar um hæli,Einstaklingum veitt hæli,Hlutfall jákvæðra ákvarðana
2022-03-01,Belgía,4783.913488506244,4783.913488506244,508.08211545538865,5649.367749113202,333.8080446715983,146.39824127982385,0.43608296986933176
2022-04-01,Belgía,6775.631479287847,1991.7179907816035,414.22680460750155,5672.831576825174,352.25823398357613,161.5394292478056,0.45858240819812124
2022-05-01,Belgía,8089.605831158266,1313.974351870419,458.4470952954484,5790.1507153850325,358.87623667156817,161.23861094380598,0.4496181293134335
2022-06-01,Belgía,8870.229330037328,780.6234988790607,526.1312136953669,5883.103571320921,365.4942393595602,160.93779263980633,0.44065385042874583
2022-07-01,Belgía,9439.678379508641,569.4490494713148,544.1803119353452,6106.009934584653,372.11224204755223,160.6369743358067,0.4316895715440582
2022-08-01,Belgía,10000.102879859967,560.4245003513256,633.5233482232377,6486.845907448195,389.4594309115314,179.78907302378366,0.45918784675041224
2022-09-01,Belgía,10392.670766579495,397.0801612795222,721.0614746871323,6799.095306999818,406.8066197755105,198.9411717117606,0.4866861219567665
2022-10-01,Belgía,10205.862599795719,378.128608127545,759.8670359030856,7165.492001271378,424.1538086394896,218.09327039973755,0.5141843971631206
2022-11-01,Belgía,11095.683143026648,346.542686207583,605.5472459512714,7426.301470839064,413.92598630350193,201.04689983975808,0.4842269069772486
2022-12-01,Belgía,11408.834997490272,313.1518544636232,468.37409932743645,7424.496561015067,403.69816396751423,184.00052927977862,0.45426941679137656
2023-01-01,Belgía,11284.296219634422,281.5659325436612,500.8624761593973,7484.058585206994,393.47034163152654,166.9541587197991,0.4243119266055046
2023-02-01,Belgía,11481.933845362184,265.32174412768074,431.3734479354809,7407.349917687086,410.1156211195065,181.0926190077821,0.44026946169901127
2023-03-01,Belgía,11651.59536881798,246.37019097570354,473.78882879942984,7331.543705079179,426.76090060748646,195.2310792957651,0.45622699679251777
2023-04-01,Belgía,11807.720068593793,186.80816678377522,369.10405900755586,7233.176119671296,443.4061800954664,209.3695395837481,0.47218453188602444
2023-05-01,Belgía,11994.528235377567,212.97935923174373,487.32565247941363,7301.762692983214,430.2704474874823,197.53735295976236,0.45824960353583066
2023-06-01,Belgía,12211.117414257307,232.83336729571982,493.64283686340605,7255.7374924712685,417.13471487949806,185.70516633577654,0.44431467518563683
2023-07-01,Belgía,12396.120671217084,247.27264588770245,535.1557628153561,7368.544356471134,403.9989822715139,173.8729797117908,0.430379746835443
2023-08-01,Belgía,12647.003136752783,279.7610227196634,653.3773562872138,7670.866751990769,NA,NA,NA
2023-09-01,Belgía,12878.031594224503,258.1021048316895,582.0834182392996,7731.331231094698,NA,NA,NA
2023-10-01,Belgía,13116.279690992216,243.66282623970682,655.1822661112116,7852.260189302551,NA,NA,NA
2023-11-01,Belgía,13303.087857775992,196.73517081576327,579.3760535033028,7738.550870390688,NA,NA,NA
2023-12-01,Belgía,13465.529741935798,166.9541587197991,576.6686887673061,8130.216302198218,NA,NA,NA
2022-03-01,Búlgaría,35780.59386461882,35780.59386461882,1585.0686532860457,10291.291329791016,537.4211528706771,492.74397269227154,0.9149950598561614
2022-04-01,Búlgaría,107703.08400747312,71858.38810172878,1771.5473183785216,11346.061279220334,633.250466876533,582.7458284139873,0.9202453987730062
2022-05-01,Búlgaría,130948.8151029071,23251.558553718092,2144.5046485634734,12540.690227469006,558.141004547619,507.63636608507346,0.9055604245788296
2022-06-01,Búlgaría,139048.9821178615,8094.339556670284,1060.597407713457,11445.12807005071,483.0315422187051,432.52690375615947,0.8908754503846529
2022-07-01,Búlgaría,146613.02297067505,7569.868311097695,1317.0055722156112,9918.333999606064,407.9220798897911,357.41744142724554,0.8761904761904762
2022-08-01,Búlgaría,151851.9079681168,5238.884997441745,2226.0890645414315,9026.732882132665,368.4248626306209,321.8051963575019,0.8727175881538296
2022-09-01,Búlgaría,157096.6204238427,5238.884997441745,2919.5566003540766,10955.62157418296,328.92764537145064,286.19295128775826,0.8692447001171835
2022-10-01,Búlgaría,165558.0898524138,8461.469428571096,3257.549180834189,12499.898019480028,289.43042811228037,250.58070621801457,0.8657718120805369
2022-11-01,Búlgaría,168868.08615780523,3309.996305391448,2383.430438213208,13467.256094647248,462.9591859066676,385.90723748304043,0.8473650609713572
2022-12-01,Búlgaría,171775.98784159104,2907.9016837857966,1351.9703219204507,13018.541806768477,636.4879437010551,521.2337687480664,0.8289583098621773
2023-01-01,Búlgaría,174578.9952762623,2803.007434671279,1497.6567790239474,13414.808970089989,810.0167014954424,656.5603000130925,0.8105515587529974
2023-02-01,Búlgaría,176676.88025855267,2092.0575240062144,862.4638260527012,12692.204142856644,817.1391505093912,629.3654946871063,0.7708973008509079
2023-03-01,Búlgaría,178955.41644765137,2284.3636473828305,1532.6215287287866,12226.007480125454,824.2615995233398,602.1706893611201,0.7312430429488185
2023-04-01,Búlgaría,180651.20680833605,1689.9629024005633,1177.1465733962543,11456.782986618991,831.3840485372885,574.9758840351341,0.6915887850467289
2023-05-01,Búlgaría,183733.93224064607,3088.552890594133,1730.7551103895426,11153.755155843717,833.9740299969063,540.6586296951994,0.6485591900311526
2023-06-01,Búlgaría,187282.85433568727,3543.094636757043,2150.3321068476134,11188.719905548556,836.5640114565241,506.34137535526446,0.6055295950155763
2023-07-01,Búlgaría,189951.8302298233,2674.803352420202,2727.250476977461,12878.682807949119,839.1539929161418,472.02412101532974,0.5625
2023-08-01,Búlgaría,192166.26437779644,2214.434147973152,3735.4007601336584,15285.423079298887,NA,NA,NA
2023-09-01,Búlgaría,194095.15306984674,1928.888692050298,3647.988885871561,18111.740347106726,NA,NA,NA
2023-10-01,Búlgaría,196152.24584414813,2057.0927743013754,3531.4397201887627,18379.80342817716,NA,NA,NA
2023-11-01,Búlgaría,197952.93045394734,1800.6846097992209,NA,NA,NA,NA,NA
2023-12-01,Búlgaría,199264.1085678788,1311.1781139314714,NA,NA,NA,NA,NA
2022-03-01,Tékkland,90577.6576679624,90577.6576679624,63.344816240307786,182.7950411506025,22.723695984618352,5.027366368278395,0.2205128205128205
2022-04-01,Tékkland,114000.76086173563,23652.954384130928,30.767482173863783,175.55563358028158,23.52807460354289,5.429555677740668,0.23076923076923078
2022-05-01,Tékkland,127735.72687452694,14464.336325501137,30.767482173863783,164.69652222480025,24.935737186660845,5.429555677740668,0.2190635451505017
2022-06-01,Tékkland,135072.86644704716,8113.566034437138,45.24629731450556,180.98518925802225,26.3433997697788,5.429555677740668,0.2073578595317726
2022-07-01,Tékkland,140462.60538315107,6202.362435872422,45.24629731450556,204.51326386156515,27.751062352896746,5.429555677740668,0.19565217391304346
2022-08-01,Tékkland,144228.9071716105,6376.108217560124,48.86600109966601,218.9920790022069,28.55544097182129,4.82627171354726,0.17043478260869566
2022-09-01,Tékkland,147886.61784651515,5431.365529633247,65.154668132888,235.2807460354289,29.359819590745833,4.222987749353853,0.14521739130434783
2022-10-01,Tékkland,151946.1156415726,5167.127153316535,52.485704884826454,237.09059792800915,30.16419820967037,3.6197037851604454,0.12
2022-11-01,Tékkland,153826.55175796343,3630.5628965159262,36.19703785160445,233.47089414284872,30.566387519132643,4.625177058816124,0.1505128205128205
2022-12-01,Tékkland,156526.85078169312,4083.025869660982,32.577334066444,229.85119035768827,30.96857682859492,5.630650332471803,0.181025641025641
2023-01-01,Tékkland,159587.31033204627,4499.291804954433,47.05614920708578,228.04133846510803,31.370766138057192,6.636123606127483,0.21153846153846154
2023-02-01,Tékkland,162104.81431462537,3545.499857564656,25.337926496123114,218.9920790022069,28.957630281283564,6.636123606127483,0.2326923076923077
2023-03-01,Tékkland,117730.86561234348,3212.4871093298952,34.38718595902423,NA,26.54449442450993,6.636123606127483,0.25384615384615383
2023-04-01,Tékkland,120119.87011054937,2383.5749425281533,34.38718595902423,NA,24.131358567736303,6.636123606127483,0.275
2023-05-01,Tékkland,123104.31588141415,3062.2694022457363,41.626593529345115,NA,26.54449442450993,6.837218260858618,0.2602564102564103
2023-06-01,Tékkland,126380.14780698437,3393.472298587917,39.816741636764895,NA,28.957630281283564,7.038312915589755,0.24551282051282053
2023-07-01,Tékkland,129420.69898651913,3217.9166650076354,39.816741636764895,NA,31.370766138057192,7.239407570320891,0.23076923076923078
2023-08-01,Tékkland,132151.76549242268,3022.4526606089717,47.05614920708578,NA,NA,NA,NA
2023-09-01,Tékkland,129572.72654549587,2921.100954624479,34.38718595902423,NA,NA,NA,NA
2023-10-01,Tékkland,131921.91430206498,2951.868436798343,61.534964347727566,233.47089414284872,NA,NA,NA
2023-11-01,Tékkland,133688.32974922328,2039.7030829379107,30.767482173863783,NA,NA,NA,NA
2023-12-01,Tékkland,NA,NA,19.908370818382448,NA,NA,NA,NA
2022-03-01,Danmörk,320.53151481617516,320.53151481617516,119.54249118144239,433.5057372513845,21.018459987945914,9.04961471703227,0.4241917502787068
2022-04-01,Danmörk,2740.2817209284485,2419.7502061122736,47.29153497287831,425.62381475590473,20.142690821781503,7.006153329315305,0.34782608695652173
2022-05-01,Danmörk,5441.153829379498,2700.87210845105,39.40961247739859,434.81939100063107,18.68307554484081,6.130384163150891,0.3244766505636071
2022-06-01,Danmörk,6633.951433695429,1192.7976043159306,43.35057372513845,413.80093101268517,17.223460267900126,5.254614996986478,0.30112721417069244
2022-07-01,Danmörk,6943.973718517631,310.0222848222022,43.35057372513845,419.0555460096716,15.763844990959434,4.3788458308220655,0.2777777777777778
2022-08-01,Danmörk,7340.69715079011,396.72343227247916,55.17345746835802,442.7013134961108,20.434613877169635,9.633460827808543,0.4106753812636166
2022-09-01,Danmörk,7824.121730512866,483.424579722756,57.80076496685126,445.328620994604,25.10538276337984,14.88807582479502,0.5435729847494554
2022-10-01,Danmörk,7841.199229253072,212.81190737795237,69.62364871007084,472.91534972878304,29.77615164959004,20.142690821781503,0.6764705882352942
2022-11-01,Danmörk,8061.893059126504,222.00748362267873,61.74172621459112,476.8563109765229,32.549420675777355,22.040190681804393,0.677034032003606
2022-12-01,Danmörk,8449.420915154256,388.84150977699943,53.859803719111405,453.21054349008375,35.322689701964656,23.937690541827287,0.677597475771918
2023-01-01,Danmörk,8650.409938788991,200.98902363473277,56.48711121760464,470.2880422302898,38.09595872815197,25.835190401850184,0.6781609195402298
2023-02-01,Danmörk,8900.004151145848,250.90786610610436,63.05537996383774,454.5241972393304,38.38788178354011,26.856921095708667,0.6992982909294416
2023-03-01,Danmörk,9153.539324750445,265.3580573478172,47.29153497287831,424.3101610066581,38.67980483892825,27.878651789567144,0.7204356623186534
2023-04-01,Danmörk,9177.185092236885,145.81556616637477,49.91884247137155,432.19208350213785,38.97172789431639,28.90038248342563,0.7415730337078652
2023-05-01,Danmörk,9287.5320071736,214.125561127199,45.97788122363169,413.80093101268517,38.82576636662231,27.440767206484942,0.7065032345931223
2023-06-01,Danmörk,9366.351232128398,176.02960239904704,49.91884247137155,415.1145847619318,38.67980483892825,25.981151929544257,0.6714334354783793
2023-07-01,Danmörk,9446.484110832442,110.34691493671605,44.66422747438507,430.87842975289124,38.53384331123417,24.521536652603565,0.6363636363636364
2023-08-01,Danmörk,9692.137361941559,250.90786610610436,61.74172621459112,426.9374685051514,NA,NA,NA
2023-09-01,Danmörk,9840.580235606427,151.07018116336124,48.60518872212493,421.6828535081649,NA,NA,NA
2023-10-01,Danmörk,9393.937960862577,166.8340261543207,56.48711121760464,422.99650725741157,NA,NA,NA
2023-11-01,Danmörk,9478.01180081436,160.26575740808758,49.91884247137155,409.85996976494533,NA,NA,NA
2023-12-01,Danmörk,NA,NA,NA,NA,NA,NA,NA
2022-03-01,Þýskaland,NA,NA,442.2450416708582,6769.870073591432,414.97462547243174,269.1932571137381,0.6435562812293392
2022-04-01,Þýskaland,NA,NA,363.4431401074595,6672.754145805443,438.7198065763691,302.0524606570866,0.6884860362567369
2022-05-01,Þýskaland,NA,NA,408.45437357002277,6509.088657942999,451.25875254254004,307.240001731091,0.6812530253745274
2022-06-01,Þýskaland,NA,NA,384.46557865874263,6321.176431137972,463.7976985087108,312.42754280509547,0.6740200144923179
2022-07-01,Þýskaland,NA,NA,416.7085825717536,6189.496003157235,476.33664447488184,317.6150838790999,0.6667870036101083
2022-08-01,Þýskaland,18054.40555508266,1637.6866547496525,497.316092354281,6119.851114705131,455.85875443412954,305.5060446317691,0.6705116134315031
2022-09-01,Þýskaland,20991.87218357361,1371.746358475138,567.3478968533408,6126.815603550342,435.38086439337724,293.39700538443833,0.674236223252898
2022-10-01,Þýskaland,22543.405531867695,988.3125559416117,698.3834647558173,6326.206339748401,414.90297435262494,281.28796613710756,0.6779608330742928
2022-11-01,Þýskaland,24031.61362047663,958.2620762946855,838.5760457695889,6645.025162440254,430.65189048613564,287.3783113206763,0.6680359042200712
2022-12-01,Þýskaland,24964.855125734815,661.2395242480287,735.0115172009978,6900.647697462605,446.40080661964635,293.468656504245,0.6581109753658495
2023-01-01,Þýskaland,25925.825614358193,741.0732019366438,846.4433387243635,7191.221648726659,462.14972275315705,299.5590016878138,0.6481860465116279
2023-02-01,Þýskaland,26691.40349926873,658.4021399036837,715.6657148531912,7402.993698427315,455.40018726736673,296.435012864242,0.6510169194210217
2023-03-01,Þýskaland,27545.97207497917,765.3199408792279,748.5535788444623,7523.4535610463245,448.65065178157636,293.3110240406703,0.6538477923304156
2023-04-01,Þýskaland,28125.95922936641,530.5908723925082,585.0170629976708,7620.3115448010085,441.9011162957862,290.1870352170986,0.6566786652398093
2023-05-01,Þýskaland,28676.927680231944,558.1908837420457,647.1815745419559,7748.896644406096,449.7540790265995,288.467408341738,0.6419051081279158
2023-06-01,Þýskaland,29240.277444600073,550.9684508655313,673.6208377506249,7801.646198807783,457.6070417574128,286.74778146637743,0.6271315510160221
2023-07-01,Þýskaland,29767.64401660128,533.0413406898971,687.0339273784374,7979.369636376299,465.4600044882261,285.0281545910168,0.6123579939041286
2023-08-01,Þýskaland,30331.251725000708,561.2862121176946,805.6881817783178,8218.61272541084,477.0531556729488,286.0456004922719,0.6002003905734181
2023-09-01,Þýskaland,30826.89118115151,498.86375654210553,806.7199579035341,8493.839006812303,488.6463068576713,287.06304639352686,0.5880427872427078
2023-10-01,Þýskaland,31355.031585246634,538.8450813942391,918.2807514425521,8882.173745940605,500.23945804239395,288.0804922947819,0.5758851839119973
2023-11-01,Þýskaland,31886.267317717404,525.3030197507745,986.8938637694392,9249.615018533279,NA,NA,NA
2023-12-01,Þýskaland,32280.5347695657,358.6711755283339,628.6096042880615,NA,NA,NA,NA
2022-03-01,Eistland,38349.28674769724,38835.24802074916,180.4999014192846,222.1537248237349,26.22648140280204,12.341873601318605,0.5079365079365079
2022-04-01,Eistland,61911.46618681462,25061.717081677594,97.19225461038403,263.8075482281852,32.39741820346134,13.884607801483432,0.42857142857142855
2022-05-01,Eistland,71825.0761570738,9469.302520611702,83.30764680890059,319.34597943411893,35.482886603790995,15.42734200164826,0.43386243386243384
2022-06-01,Eistland,77795.45751171168,6858.996253932815,83.30764680890059,374.8844106400527,38.56835500412064,16.970076201813082,0.43915343915343913
2022-07-01,Eistland,82557.8779876205,7275.534487977318,55.538431205933726,416.53823404450293,41.65382340445029,18.51281040197791,0.4444444444444444
2022-08-01,Eistland,88986.45139970731,7150.573017763967,55.538431205933726,402.6536262430196,41.65382340445029,18.51281040197791,0.4444444444444444
2022-09-01,Eistland,94484.75608909475,6664.611744712047,124.96147021335089,444.3074496474698,41.65382340445029,18.51281040197791,0.4444444444444444
2022-10-01,Eistland,99969.1761706807,6470.22723549128,83.30764680890059,444.3074496474698,41.65382340445029,18.51281040197791,0.4444444444444444
2022-11-01,Eistland,104009.5970409124,5192.843317754803,83.30764680890059,416.53823404450293,43.19655760461512,21.59827880230756,0.49629629629629635
2022-12-01,Eistland,106592.13409198831,3290.6520489515733,41.65382340445029,416.53823404450293,44.739291804779945,24.68374720263721,0.5481481481481482
2023-01-01,Eistland,108535.979184196,2943.5368539144874,69.42303900741716,305.46137163263546,46.282026004944775,27.769215602966863,0.6
2023-02-01,Eistland,110563.13192321257,2152.114209229932,69.42303900741716,416.53823404450293,43.19655760461512,21.59827880230756,0.4833333333333334
2023-03-01,Eistland,102801.63616218333,2457.5755808625677,41.65382340445029,263.8075482281852,40.11108920428547,15.42734200164826,0.3666666666666667
2023-04-01,Eistland,97567.13902102408,1791.1144063913628,27.769215602966863,388.7690184415361,37.02562080395582,9.256405200988954,0.25
2023-05-01,Eistland,97483.83137421518,2013.2681312150978,41.65382340445029,347.1151950370858,35.482886603790995,9.256405200988954,0.2619047619047619
2023-06-01,Eistland,97789.29274584781,1874.4220532002632,69.42303900741716,360.9998028385692,33.940152403626165,9.256405200988954,0.2738095238095238
2023-07-01,Eistland,98372.44627351011,2249.306463840316,27.769215602966863,374.8844106400527,32.39741820346134,9.256405200988954,0.2857142857142857
2023-08-01,Eistland,99358.25342741545,2346.4987184507,55.538431205933726,347.1151950370858,NA,NA,NA
2023-09-01,Eistland,99469.33028982731,1832.768229795813,27.769215602966863,347.1151950370858,NA,NA,NA
2023-10-01,Eistland,99566.5225444377,1860.53744539878,55.538431205933726,374.8844106400527,NA,NA,NA
2023-11-01,Eistland,99649.8301912466,1666.1529361780117,69.42303900741716,360.9998028385692,NA,NA,NA
2023-12-01,Eistland,NA,NA,NA,NA,NA,NA,NA
2022-03-01,Írland,2591.43908617009,2602.302588436809,175.7912184978186,1398.4290190612985,79.44621859701665,74.1790659828498,0.9370150266495936
2022-04-01,Írland,4980.421993733142,2396.883636484302,220.23281867985142,1507.0640417284897,75.38612179026303,73.08174252156503,0.9694323144104804
2022-05-01,Írland,6555.629822407414,1575.2078286742733,299.2401078923541,1710.5078114506844,78.45862748186036,63.86422544677304,0.8252765364552359
2022-06-01,Írland,7921.468334668556,1367.8136944914538,307.1408368136044,1891.2369855242844,81.53113317345769,54.64670837198106,0.6811207584999915
2022-07-01,Írland,9053.247752637659,1131.7794179691018,244.9225965587585,2021.5990127249138,84.60363886505502,45.42919129718908,0.5369649805447471
2022-08-01,Írland,9840.357871417216,789.0853010098712,220.23281867985142,2219.117235756171,71.21629263738095,43.45400906687651,0.6542729499927943
2022-09-01,Írland,10797.333662003655,959.9385639319084,207.3941341828197,2370.2186763750824,57.828946409706866,41.47882683656394,0.7715809194408416
2022-10-01,Írland,11990.343729112446,1196.9604315694164,231.09632094657053,2541.0719392971196,44.44160018203279,39.50364460625137,0.8888888888888888
2022-11-01,Írland,12800.168443540599,815.7502611190907,251.83573436485247,2721.8011133707196,49.16009106555725,39.17444756786595,0.8116937161880982
2022-12-01,Írland,13703.814313908599,906.6086437134688,234.05909429203936,2889.6916029472877,53.87858194908173,38.845250529480516,0.7344985434873076
2023-01-01,Írland,14224.274831595962,525.3984732631433,255.7860988254776,3033.8799057601054,58.5970728326062,38.516053491095086,0.6573033707865169
2023-02-01,Írland,14827.693002956452,609.3437180514273,161.96494288563062,3089.185008208857,58.1581434480923,41.80802387494937,0.7198114425933101
2023-03-01,Írland,15452.838178850381,634.0334959303344,166.90289846141204,3143.502519542453,57.7192140635784,45.09999425880365,0.7823195144001034
2023-04-01,Írland,15818.246891458204,374.29703264423176,123.44888939453554,3194.8572575305798,57.280284679064486,48.391964642657925,0.8448275862068966
2023-05-01,Írland,16346.608138066818,540.2123399904875,182.7043563039126,3282.752866779489,57.60948171744992,50.25741452684202,0.8720696149100591
2023-06-01,Írland,16947.063536081838,613.2940825120526,172.82844515234976,3341.0207425737094,57.93867875583534,52.12286441102611,0.8993116436132216
2023-07-01,Írland,17597.88608096983,670.574367191117,198.50581414641312,3405.2141650588683,58.26787579422077,53.9883142952102,0.9265536723163842
2023-08-01,Írland,18016.624713796096,439.4780462445465,225.1707742556328,3538.538965604966,NA,NA,NA
2023-09-01,Írland,18584.489605010956,585.6415312876766,243.9350054436022,3680.7520861874714,NA,NA,NA
2023-10-01,Írland,19222.47346540192,660.6984560395541,285.41383228016616,3900.984904867323,NA,NA,NA
2023-11-01,Írland,19637.261733767555,440.46563735970284,NA,NA,NA,NA,NA
2023-12-01,Írland,20047.112046557413,431.5773173232962,NA,NA,NA,NA,NA
2022-03-01,Grikkland,0,0,1113.1524283178235,14969.480264291427,1609.7689826905337,907.7300961355006,0.5647668912401772
2022-04-01,Grikkland,4297.736331940118,4297.736331940118,977.638219653045,13897.466077889694,1722.9663673093269,962.3122079588139,0.5585205992509363
2022-05-01,Grikkland,7145.954610483766,2848.218278543648,1328.5232242314894,12184.179296913568,1643.3786574585836,825.4536123033135,0.4962601096455518
2022-06-01,Grikkland,8106.653554053713,960.6989435699477,1490.6562953125635,10899.214211181472,1563.7909476078407,688.5950166478132,0.43399962004016723
2022-07-01,Grikkland,8735.826665711615,626.7532150746006,1434.9986738966722,10374.096652605454,1484.2032377570977,551.7364209923126,0.3717391304347826
2022-08-01,Grikkland,9234.325361871335,500.91859274302055,1442.2583636465713,10437.013963771244,1532.6011694230901,627.2909698708894,0.40706701104893106
2022-09-01,Grikkland,9573.110883533282,338.7855216619463,1899.6188178901987,10451.533343271043,1580.9991010890826,702.8455187494665,0.4423948916630793
2022-10-01,Grikkland,9880.437749612332,307.3268660790513,1955.27643930609,10122.427407942294,1629.3970327550749,778.4000676280432,0.4777227722772277
2022-11-01,Grikkland,10175.665132774886,292.8074865792535,2158.5477523032578,10088.5488557761,1481.7833411737984,700.9633769624554,0.4718922266121921
2022-12-01,Grikkland,10420.074687688148,244.40955491326125,2327.940513134231,10877.435141931775,1334.1696495925216,623.5266862968678,0.4660616809471566
2023-01-01,Grikkland,10640.285276768413,220.21058908026507,2018.1937504718799,10940.352453097565,1186.5559580112451,546.08999563128,0.460231135282121
2023-02-01,Grikkland,10783.059175183089,152.45348474787582,1403.5400183137774,10451.533343271043,1066.9055158369863,495.80992217827696,0.4660150388560469
2023-03-01,Grikkland,10988.750384763556,205.6912095804674,1447.0981568131704,9568.271090366683,947.2550736627277,445.5298487252738,0.47179894242997267
2023-04-01,Grikkland,11281.557871342811,292.8074865792535,1333.3630173980885,9498.094089450993,827.6046314884686,395.24977527227065,0.4775828460038986
2023-05-01,Grikkland,11443.690942423886,162.13307108107426,346.0452114118451,9449.696157785002,1082.5004049293616,609.5450615933588,0.5357137919661249
2023-06-01,Grikkland,11896.211603500913,452.5206610770282,1565.6730893948516,8588.212974130338,1337.3961783702546,823.8403479144469,0.5938447379283511
2023-07-01,Grikkland,12261.615987579155,307.3268660790513,1935.9172666396928,9154.468774622448,1592.2919518111476,1038.1356342355355,0.6519756838905775
2023-08-01,Grikkland,12455.207714243124,196.01162324726891,3174.9043172890965,10700.782691350903,NA,NA,NA
2023-09-01,Grikkland,12629.440268240696,171.81265741427273,4017.028328277363,12068.024260915186,NA,NA,NA
2023-10-01,Grikkland,12793.99323590507,164.5529676643739,5166.47920534468,13149.718033650115,NA,NA,NA
2023-11-01,Grikkland,12910.148271903452,116.15503599838156,5343.131655925552,14708.131433295066,NA,NA,NA
2023-12-01,Grikkland,12994.844652318938,84.69638041548657,NA,NA,NA,NA,NA
2022-03-01,Spánn,2449.908160938578,2449.536793929189,838.5467072001378,7915.31643811503,479.51733512315724,177.59595648998095,0.3684097889389092
2022-04-01,Spánn,6170.634228005974,3720.726067067397,577.8470666091296,8058.664103739146,503.2022977219605,195.33904693856178,0.38819188191881915
2022-05-01,Spánn,8601.23130445633,2430.5970764503554,766.87287438808,8375.440162747878,498.2094745957319,199.877977053315,0.40145855008245823
2022-06-01,Spánn,9452.404489975692,851.1731855193605,800.295905233081,9086.607985727622,493.2166514695034,204.41690716806824,0.4147252182460972
2022-07-01,Spánn,9932.21066610615,479.8061761304598,657.3196066183543,8686.274349606389,488.2238283432748,208.9558372828215,0.4279918864097363
2022-08-01,Spánn,10398.647629898609,466.4369637924593,652.4918354962986,8879.756561498005,526.7634713176341,236.02436596716802,0.44550285935584166
2022-09-01,Spánn,10833.8897649024,435.24213500379165,827.034329909082,9633.631590557474,565.3031142919933,263.09289465151454,0.46301383230194704
2022-10-01,Spánn,11216.769151582357,382.87938667995667,821.8351917776373,9848.653088993648,603.8427572663526,290.1614233358611,0.48052480524805247
2022-11-01,Spánn,11611.903649572148,394.3917639710126,881.2539132798613,10049.562641073042,661.8997997341506,365.0537702292894,0.5409279661611254
2022-12-01,Spánn,11960.617271388326,348.71362181617775,642.4649262427982,9896.930800214204,719.9568422019489,439.9461171227177,0.6013311270741983
2023-01-01,Spánn,12288.905707688114,327.91706929039935,818.4928886931372,9752.840400571311,778.0138846697471,514.8384640161461,0.6617342879872713
2023-02-01,Spánn,12552.947651363622,263.67057666611953,964.4401233829752,10366.338700081775,737.163513636968,468.78895485192237,0.6327205608929936
2023-03-01,Spánn,12827.38787130202,274.4402199383976,1170.920180603204,9921.81238984326,696.3131426041889,422.73944568769866,0.6037068337987159
2023-04-01,Spánn,13014.928211043414,187.16897273200595,973.7242986176977,10742.53348059273,655.4627715714098,376.68993652347496,0.5746931067044382
2023-05-01,Spánn,13226.978773404477,212.0505623610623,1306.8405060395417,10753.674490874399,611.9715684718651,342.4829086586529,0.557144300170325
2023-06-01,Spánn,13390.380257535595,163.40148413111632,1208.056881542094,11377.571066647752,568.4803653723206,308.2758807938308,0.5395954936362117
2023-07-01,Spánn,13567.5223210141,177.14206347850563,897.965428702362,11647.926249482873,524.989162272776,274.0688529290087,0.5220466871020986
2023-08-01,Spánn,13732.037906173384,164.51558515928303,905.7641358995288,12144.815308045221,437.6766520653411,227.1528207428776,0.5169723012053206
2023-09-01,Spánn,13908.437235633111,176.39932945972782,1003.8050263781987,12706.322226241236,350.36414185790625,180.2367885567465,0.5118979153085427
2023-10-01,Spánn,14111.946356778226,203.5091211451176,943.272203847808,13426.402857446317,263.05163165047134,133.32075637061536,0.5068235294117647
2023-11-01,Spánn,14313.97000988579,202.023653107562,1058.3959767583672,14466.23048373524,NA,NA,NA
2023-12-01,Spánn,14481.827898129573,167.48652123439425,806.6091443926924,15087.89885745226,NA,NA,NA
2022-03-01,Frakkland,1042.972355643532,1043.919651152745,415.86272854451454,5287.424614223377,422.34644002979473,110.68621749871211,0.2618802620089065
2022-04-01,Frakkland,1942.145252988528,900.8780292615794,406.7686916560696,5249.343334753014,432.4088234387686,115.00167481846029,0.26595589309186507
2022-05-01,Frakkland,2261.762757797,325.4907369655927,426.661897349543,5254.83764870645,420.0939818189993,114.22278739977405,0.2722682638711018
2022-06-01,Frakkland,2455.9583371856684,198.74259783289102,474.7845092175643,5107.249008371061,407.77914019923014,113.44389998108777,0.2785806346503385
2022-07-01,Frakkland,2598.2421226694637,144.55729470590643,463.7958813106933,5037.149140689297,395.4642985794609,112.66501256240151,0.28489300542957524
2022-08-01,Frakkland,2735.0315941998233,138.49460344694313,507.75039293817724,5025.7815945787415,396.0116248736729,112.55975750582228,0.2842352860624649
2022-09-01,Frakkland,2558.266252180674,137.5473079377301,565.7248781020138,5076.935552076245,396.5589511678849,112.45450244924307,0.2835775666953546
2022-10-01,Frakkland,2497.449880489198,123.14841619769224,576.145128703357,5128.089509573747,397.1062774620968,112.34924739266384,0.28291984732824427
2022-11-01,Frakkland,2540.078178403784,113.86492020740468,590.3545613415523,5212.777728097391,407.8633442444935,116.264735497411,0.28495092827226876
2022-12-01,Frakkland,2592.9372678178706,90.94036888444965,586.3759202028576,5355.440431784871,418.62041102689034,120.18022360215811,0.2869820092162932
2023-01-01,Frakkland,2638.9758295656234,80.14120007942125,583.9129518789038,5452.254032826441,429.3774778092869,124.09571170690526,0.2890130901603177
2023-02-01,Frakkland,2648.259325555911,61.953126302531324,461.52237208858196,5444.10729144721,423.8831638558514,123.08526316374471,0.29041170423862106
2023-03-01,Frakkland,2566.9813708654337,62.71096270990174,526.6963031224376,5443.349455039839,418.3888499024159,122.07481462058415,0.2918103183169245
2023-04-01,Frakkland,2529.657927802441,46.79639815512305,447.31293945038675,5400.721157125254,412.89453594898043,121.06436607742361,0.2932089323952279
2023-05-01,Frakkland,2523.216318339793,47.17531635880826,470.80586807886954,5389.164151912855,407.0213037918597,123.27472226558731,0.3031575552922971
2023-06-01,Frakkland,2549.361674394072,57.21664875646624,538.2533083348364,5364.72392777516,401.148071634739,125.48507845375102,0.3131061781893663
2023-07-01,Frakkland,2552.0141018198683,52.480171210401146,449.0180713669701,5256.542780623033,395.2748394776183,127.69543464191472,0.32305480108643553
2023-08-01,Frakkland,2536.0995372650896,51.72233480303074,483.12070969863873,5233.239311096392,399.42188870683975,127.253363404282,0.3186846133636956
2023-09-01,Frakkland,2454.4426643709276,52.859089414086355,536.3587173164103,5352.4090861553905,403.56893793606116,126.81129216664924,0.3143144256409556
2023-10-01,Frakkland,2474.3358700644008,53.42746671961417,616.1209991921464,5406.026011976846,407.71598716528257,126.36922092901649,0.3099442379182156
2023-11-01,Frakkland,2469.599392518336,46.98585725696565,587.8915930175986,5466.65292456648,NA,NA,NA
2023-12-01,Frakkland,2460.3158965280486,37.32344306299287,489.37286005944463,5449.980523604331,NA,NA,NA
2022-03-01,Króatía,6839.291361166062,6839.291361166062,573.6179851300568,1257.547121246663,15.525273101810654,4.902717821624417,0.3238095238095238
2022-04-01,Króatía,15230.292912876253,8457.18824230212,485.3690643408173,1456.107193022452,17.159512375685463,4.902717821624417,0.2857142857142857
2022-05-01,Króatía,19120.599504335227,3941.785128586032,536.8476014678737,1603.1887276711846,14.708153464873254,3.2684785477496114,0.19047619047619047
2022-06-01,Króatía,21709.23451415292,2632.7594702123124,294.16306929746503,1603.1887276711846,12.256794554061045,1.6342392738748062,0.09523809523809523
2022-07-01,Króatía,23599.232234389132,1919.4140271659596,272.1008391001552,1581.1264974738747,9.805435643248835,0,0
2022-08-01,Króatía,24724.405974451936,1184.0063539222967,227.9763787055354,1676.7294949955508,8.98831600631143,0.8171196369374027,0.1111111111111111
2022-09-01,Króatía,25702.49817986601,1036.9248192735643,161.78968811360576,1632.605034600931,8.17119636937403,1.6342392738748055,0.2222222222222222
2022-10-01,Króatía,26334.94877885556,705.991366313916,198.56007177578894,1595.834650938748,7.354076732436627,2.4513589108122087,0.3333333333333333
2022-11-01,Króatía,27085.064605564097,794.2402871031558,345.64160642452146,1779.6865692496635,8.98831600631143,2.4513589108122087,0.28888888888888886
2022-12-01,Króatía,27901.36712286456,831.0106707653389,250.03860890284528,1845.8732598415934,10.622555280186237,2.4513589108122087,0.24444444444444446
2023-01-01,Króatía,28526.463645121676,647.158752454423,235.33045543797206,1787.0406459821002,12.256794554061045,2.4513589108122087,0.2
2023-02-01,Króatía,29305.99577875996,816.3025173004655,242.68453217040866,1919.4140271659596,13.073914190998446,3.268478547749611,0.2444444444444444
2023-03-01,Króatía,29291.28762529508,750.1158267085359,279.4549158325918,2132.6822524066215,13.89103382793585,4.085598184687014,0.28888888888888886
2023-04-01,Króatía,30004.633068341434,728.053596511226,257.3926856352819,2198.868942998551,14.708153464873254,4.902717821624417,0.3333333333333333
2023-05-01,Króatía,30931.246736628447,941.3218217518883,294.16306929746503,2184.160789533678,14.708153464873254,5.719837458561821,0.38888888888888884
2023-06-01,Króatía,31828.44409798572,933.9677450194515,139.7274579162959,2206.2230197309877,14.708153464873254,6.536957095499222,0.4444444444444444
2023-07-01,Króatía,32365.29169945359,588.3261385949301,213.26822524066216,2228.2852499282976,14.708153464873254,7.354076732436627,0.5
2023-08-01,Króatía,32843.30668706197,514.7853712705638,147.08153464873251,2338.5964009148474,NA,NA,NA
2023-09-01,Króatía,33071.28306576751,308.87122276233833,154.43561138116917,2368.0127078445935,NA,NA,NA
2023-10-01,Króatía,33387.50836526228,389.7660668191412,154.43561138116917,2368.0127078445935,NA,NA,NA
2023-11-01,Króatía,33681.67143455974,345.64160642452146,NA,NA,NA,NA,NA
2023-12-01,Króatía,NA,NA,NA,NA,NA,NA,NA
2022-03-01,Ítalía,0,0,327.2575595597199,2438.5055046314137,226.19188553207573,111.11230414843796,0.49048063097626815
2022-04-01,Ítalía,887.2430225426001,889.5548891328964,248.14034735846894,2657.6190825783847,222.28169142256226,104.20524594039223,0.4687981510015408
2022-05-01,Ítalía,2781.689256257619,1917.5648996179818,342.67000349502854,2712.8470066799073,217.5152504277538,100.60900902215354,0.46225077776389256
2022-06-01,Ítalía,4123.599374891824,1377.615613751003,307.99200464058407,2940.437428791298,212.74880943294542,97.01277210391487,0.45570340452624436
2022-07-01,Ítalía,5111.023283013929,1015.6800553368387,267.91965040878165,2852.072750228862,207.982368438137,93.41653518567618,0.44915603128859616
2022-08-01,Ítalía,5962.81768450532,882.6192893620075,324.43194483824664,3083.773157389668,210.49402596833542,92.33195579763596,0.43888908244031155
2022-09-01,Ítalía,6574.434834671484,639.6164233153081,422.3009638274564,3125.9005041461783,213.0056834985339,91.24737640959572,0.42862213359202705
2022-10-01,Ítalía,6991.855191252759,445.4196297304194,449.01586664865806,3377.380214357298,215.51734102873235,90.16279702155548,0.41835518474374256
2022-11-01,Ítalía,7356.616364388397,392.5035722191931,486.00573209339876,3606.2550067966304,222.99523049364132,92.33195579763596,0.4143238715132207
2022-12-01,Ítalía,7490.447752559993,151.29882463161306,426.1540748112836,4013.6572748199555,230.47311995855034,94.50111457371642,0.4102925582826989
2023-01-01,Ítalía,7527.437618004734,47.2648280682798,448.5021185174811,3747.278868804705,237.95100942345937,96.6702733497969,0.4062612450521771
2023-02-01,Ítalía,7606.554830205986,22.60491777178599,522.224975341374,3959.7137210463757,217.54379199059696,90.41967108714395,0.41780465432419045
2023-03-01,Ítalía,7988.269691670462,341.1287591014976,606.736542919983,4322.419901657306,197.13657455773466,84.16906882449102,0.4293480635962037
2023-04-01,Ítalía,8017.810209213138,129.97827718776944,435.40154117246874,4501.97487350365,176.72935712487228,77.91846656183807,0.44089147286821706
2023-05-01,Ítalía,8134.174160924717,138.19824728660072,586.1866176729048,4871.873527951057,168.7662610916295,79.37408626683944,0.47338609862549674
2023-06-01,Ítalía,8225.621328274216,103.26337436656782,566.9210627537691,5176.269295673404,160.8031650583867,80.82970597184081,0.5058807243827763
2023-07-01,Ítalía,8242.318142537466,102.23587810421391,518.3718643575469,5379.713555619477,152.8400690251439,82.28532567684219,0.538375350140056
2023-08-01,Ítalía,8214.061995322734,86.82343416890528,528.9037010466744,5795.84954187281,NA,NA,NA
2023-09-01,Ítalía,8282.647370834857,76.80534561095467,627.0295941014728,6085.089739725436,NA,NA,NA
2023-10-01,Ítalía,8305.252288606644,44.69608741239502,789.6308776189787,6527.940628799969,NA,NA,NA
2023-11-01,Ítalía,8297.032318507812,5.908103508534975,746.4760346001146,7179.8870072635245,NA,NA,NA
2023-12-01,Ítalía,8290.6104668681,0.5137481311769543,NA,NA,NA,NA,NA
2022-03-01,Lettland,28723.95163365063,28839.72215075894,167.22408026755852,373.0383329045536,87.18520424206044,52.88282880256124,0.6177777777777778
2022-04-01,Lettland,50951.89091844611,22703.884744018524,154.36068947774635,424.4918960638024,77.18034473887317,51.45356315924878,0.6666666666666666
2022-05-01,Lettland,63056.34165165938,13352.199639825058,102.90712631849756,475.94545922305116,80.0388760254981,47.16576622931137,0.5944444444444444
2022-06-01,Lettland,70208.38693079495,7242.089014664266,180.08747105737072,527.3990223823,82.89740731212304,42.87796929937398,0.5222222222222223
2022-07-01,Lettland,74376.12554669411,5466.9410856701825,102.90712631849756,527.3990223823,85.75593859874796,38.59017236943659,0.44999999999999996
2022-08-01,Lettland,77874.96784152303,5261.126833033188,115.77051710830975,565.9891947517366,81.46814166881057,44.30723494268645,0.5549019607843138
2022-09-01,Lettland,81888.34576794443,4849.498327759197,128.63390789812195,527.3990223823,77.18034473887317,50.02429751593631,0.6598039215686274
2022-10-01,Lettland,85104.19346539747,4386.416259325959,141.49729868793415,463.082068433239,72.89254780893576,55.74136008918617,0.7647058823529411
2022-11-01,Lettland,90056.59891947517,3267.301260612297,154.36068947774635,578.8525855415488,64.31695394906097,44.307234942686456,0.6613190730837789
2022-12-01,Lettland,92269.10213532287,2727.0388474401852,244.40442500643172,733.2132750192951,55.74136008918617,32.87310979618672,0.5579322638146167
2023-01-01,Lettland,93220.99305376898,1517.880113197839,180.08747105737072,784.6668381785439,47.16576622931137,21.43898464968699,0.4545454545454546
2023-02-01,Lettland,94533.05891432981,1903.7818368922046,128.63390789812195,720.3498842294829,48.59503187262384,25.72678157962439,0.5252525252525252
2023-03-01,Lettland,92577.82351427837,3781.8368922047853,77.18034473887317,617.4427579109854,50.02429751593631,30.014578509561783,0.5959595959595959
2023-04-01,Lettland,102096.73269873938,5029.585798816568,540.2624131721121,964.7543092359147,51.45356315924878,34.30237543949919,0.6666666666666666
2023-05-01,Lettland,108682.78878312324,5749.935683046051,308.7213789554927,977.6177000257269,52.88282880256124,28.585312866249325,0.547008547008547
2023-06-01,Lettland,113866.73527141755,5556.984821198868,308.7213789554927,1029.0712631849756,54.312094445873704,22.868250292999456,0.4273504273504274
2023-07-01,Lettland,109338.82171340365,1736.5577566246463,308.7213789554927,1003.3444816053512,55.74136008918617,17.151187719749593,0.3076923076923077
2023-08-01,Lettland,110213.53228711088,1427.8363776691535,385.90172369436584,1029.0712631849756,NA,NA,NA
2023-09-01,Lettland,110715.20452791356,1414.9729868793413,604.579367121173,1414.9729868793413,NA,NA,NA
2023-10-01,Lettland,111474.14458451248,1414.9729868793413,887.5739644970414,2032.415744790327,NA,NA,NA
2023-11-01,Lettland,112078.72395163366,874.7105737072292,NA,NA,NA,NA,NA
2023-12-01,Lettland,112721.89349112427,758.9400565989195,NA,NA,NA,NA,NA
2022-03-01,Litáen,4688.489905651559,4688.489905651559,252.228887329356,541.5502580894997,103.03467619663235,31.322541563776237,0.3329592218481107
2022-04-01,Litáen,41818.06581986999,37129.57591421844,229.9733972708834,719.5941785572804,54.40230903182188,19.782657829753415,0.36363636363636365
2022-05-01,Litáen,67404.4608904273,25586.395070557322,185.46241715393825,875.3826089665885,51.929476803102716,24.72832228719177,0.4880382775119617
2022-06-01,Litáen,73012.84438516242,5615.80199142125,103.85895360620543,912.4750923973761,49.45664457438354,29.673986744630117,0.6124401913875598
2022-07-01,Litáen,78458.02095280204,5445.176567639626,126.114443664678,927.3120857696913,46.983812345664354,34.61965120206847,0.7368421052631579
2022-08-01,Litáen,84437.329281845,5979.3083290429695,96.44045692004788,897.6380990250611,51.929476803102716,37.09248343078765,0.7178947368421053
2022-09-01,Litáen,88725.22036644406,4287.891084599052,148.3699337231506,964.4045692004789,56.875141260541064,39.56531565950683,0.6989473684210527
2022-10-01,Litáen,92560.58315318749,3842.7812834296005,96.44045692004788,764.1051586742255,61.82080571797941,42.038147888226,0.68
2022-11-01,Litáen,95372.1933972412,2819.0287407398614,81.60346354773283,786.3606487326981,61.82080571797941,44.51098011694518,0.7200000000000001
2022-12-01,Litáen,97071.02913837128,1691.4172444439168,81.60346354773283,749.2681653019105,61.82080571797941,46.983812345664354,0.76
2023-01-01,Litáen,98599.23945571973,1535.6288140346087,89.02196023389035,838.2901255358009,61.82080571797941,49.45664457438354,0.8
2023-02-01,Litáen,99348.50762102164,823.4531321634857,44.51098011694518,912.4750923973761,76.65779909029447,68.41502499456388,0.8666666666666667
2023-03-01,Litáen,100557.7225808653,2321.9894627673066,89.02196023389035,838.2901255358009,91.49479246260952,87.37340541474423,0.9333333333333333
2023-04-01,Litáen,101982.07394460756,2017.831098634848,44.51098011694518,778.9421520465406,106.33178583492459,106.33178583492459,1
2023-05-01,Litáen,103673.49118905146,2492.61488654893,59.347973489260234,630.57221832339,88.19768282431731,79.95490872858672,0.8412698412698412
2023-06-01,Litáen,104823.35817540588,1624.650774268499,66.76647017541777,593.4797348926024,70.06357981371002,53.57803162224883,0.6825396825396826
2023-07-01,Litáen,105928.71418164336,1320.4924101360402,111.27745029236294,637.9907150095476,51.929476803102716,27.20115451591094,0.5238095238095238
2023-08-01,Litáen,107160.1846315455,1416.932867056088,66.76647017541777,593.4797348926024,51.105199393529645,23.904044877618706,0.4658730158730159
2023-09-01,Litáen,108028.14874382594,1001.4970526312665,66.76647017541777,623.1537216372325,50.280921983956596,20.606935239326475,0.40793650793650793
2023-10-01,Litáen,109370.89664402047,1476.2808405453484,103.85895360620543,630.57221832339,49.45664457438354,17.309825601034234,0.35
2023-11-01,Litáen,110461.41565688561,1231.4704499021498,74.1849668615753,600.8982315787599,NA,NA,NA
2023-12-01,Litáen,NA,NA,44.51098011694518,504.457774658712,NA,NA,NA
2022-03-01,Lúxemborg,1225.3479343213507,1225.3479343213507,245.06958686427012,2476.492667259993,126.83425986835034,106.05350542664321,0.8376496797549429
2022-04-01,Lúxemborg,3418.0758167911363,2218.524681087077,212.82358859265565,2463.594267951347,122.53479343213506,105.33692768727401,0.8596491228070176
2022-05-01,Lúxemborg,4804.653742470559,1451.0699222226522,283.76478479020756,2508.7386655316077,138.29950369825772,117.51874925655058,0.8515804278629062
2022-06-01,Lúxemborg,5210.953320692902,496.58837338286315,212.82358859265565,2547.433863457545,154.06421396438034,129.70057082582719,0.8435117329187949
2022-07-01,Lúxemborg,5423.776909285558,257.96798617291597,238.62038720994724,2618.3750596550967,169.82892423050296,141.88239239510378,0.8354430379746836
2022-08-01,Lúxemborg,5494.71810548311,187.02678997536407,290.2139844445304,2689.3162558526487,158.3636804005956,126.11768212898113,0.7897662581206886
2022-09-01,Lúxemborg,5649.498897186859,212.82358859265565,399.85037856801966,2889.2414451366585,146.89843657068826,110.35297186285848,0.7440894782666935
2022-10-01,Lúxemborg,5765.584490964671,187.02678997536407,380.502779605051,3114.96343303796,135.43319274078087,94.58826159673583,0.6984126984126984
2022-11-01,Lúxemborg,5849.424086470869,154.78079170374957,283.76478479020756,3231.0490268157723,134.71661500141164,95.30483933610505,0.7075439494794333
2022-12-01,Lúxemborg,6004.204878174618,174.12839066671827,225.72198790130147,3282.642624050355,134.00003726204247,96.02141707547426,0.7166752005461683
2023-01-01,Lúxemborg,6042.900076100556,116.08559377781218,251.51878651859306,3372.9314192108764,133.2834595226732,96.73799481484347,0.7258064516129032
2023-02-01,Lúxemborg,6017.103277483264,96.73799481484347,212.82358859265565,3379.3806188651984,121.10163795339666,86.70590646367452,0.7135005973715651
2023-03-01,Lúxemborg,5243.199318964516,180.57759032104116,238.62038720994724,3424.525016445459,108.91981638412005,76.67381811250559,0.701194743130227
2023-04-01,Lúxemborg,5243.199318964516,51.59359723458319,238.62038720994724,3566.4074088405628,96.73799481484347,66.6417297613366,0.6888888888888889
2023-05-01,Lúxemborg,5256.097718273162,58.04279688890609,277.31558513588465,3663.1454036554064,138.2995036982577,96.73799481484347,0.6955052139518159
2023-06-01,Lúxemborg,5268.996117581808,77.39039585187479,296.6631840988533,3792.129396741864,179.86101258167193,126.83425986835034,0.702121539014743
2023-07-01,Lúxemborg,5294.7929161991,83.83959550619768,264.4171858272388,3843.722993976448,221.42252146508616,156.9305249218572,0.7087378640776699
2023-08-01,Lúxemborg,5404.429310322588,122.53479343213506,322.45998271614496,3998.503785680197,NA,NA,NA
2023-09-01,Lúxemborg,5391.530911013943,96.73799481484347,348.25678133343655,4159.733777038269,NA,NA,NA
2023-10-01,Lúxemborg,5404.429310322588,96.73799481484347,406.29957822234263,4398.354164248217,NA,NA,NA
2023-11-01,Lúxemborg,5385.08171135962,38.69519792593739,NA,NA,NA,NA,NA
2023-12-01,Lúxemborg,NA,NA,NA,NA,NA,NA,NA
2022-03-01,Ungverjaland,NA,855.7131436354484,2.960945133686673,8.882835401060019,1.973963422457782,1.3159756149718544,0.6666666666666667
2022-04-01,Ungverjaland,NA,4216.385870369822,2.960945133686673,14.804725668433365,1.973963422457782,0.986981711228891,0.5
2022-05-01,Ungverjaland,8340.982441595357,4127.557516359222,2.960945133686673,11.843780534746692,1.973963422457782,1.3159756149718544,0.6666666666666666
2022-06-01,Ungverjaland,12427.086726082965,3363.6336718680604,2.960945133686673,11.843780534746692,1.973963422457782,1.644969518714818,0.8333333333333333
2022-07-01,Ungverjaland,14052.64560447695,1675.894945666657,2.960945133686673,11.843780534746692,1.973963422457782,1.973963422457782,1
2022-08-01,Ungverjaland,15086.015456133597,1131.0810410683089,2.960945133686673,14.804725668433365,1.973963422457782,1.6449695187148186,0.8333333333333334
2022-09-01,Ungverjaland,15657.477866935127,731.3534480206082,2.960945133686673,14.804725668433365,1.973963422457782,1.3159756149718544,0.6666666666666667
2022-10-01,Ungverjaland,16347.37808308412,746.1581736890415,2.960945133686673,11.843780534746692,1.973963422457782,0.986981711228891,0.5
2022-11-01,Ungverjaland,16927.72332928671,627.7203683415746,0,11.843780534746692,1.973963422457782,0.986981711228891,0.5
2022-12-01,Ungverjaland,17120.184762976343,245.75844609599383,2.960945133686673,14.804725668433365,1.973963422457782,0.986981711228891,0.5
2023-01-01,Ungverjaland,17502.146685221924,438.21987978562754,2.960945133686673,14.804725668433365,1.973963422457782,0.986981711228891,0.5
2023-02-01,Ungverjaland,17750.866076451606,411.5713735824475,2.960945133686673,14.804725668433365,2.3029573262007452,1.3159756149718544,0.5555555555555556
2023-03-01,Ungverjaland,18112.10138276138,470.79027625618096,0,14.804725668433365,2.631951229943709,1.644969518714818,0.611111111111111
2023-04-01,Ungverjaland,18334.172267787875,331.62585497290735,2.960945133686673,14.804725668433365,2.960945133686673,1.973963422457782,0.6666666666666666
2023-05-01,Ungverjaland,18642.11056169129,429.3370443845676,0,14.804725668433365,2.3029573262007457,1.6449695187148186,0.7777777777777777
2023-06-01,Ungverjaland,18864.181446717794,337.54774524028073,2.960945133686673,8.882835401060019,1.6449695187148186,1.3159756149718544,0.8888888888888888
2023-07-01,Ungverjaland,19104.018002546414,316.82112930447397,0,8.882835401060019,0.986981711228891,0.986981711228891,1
2023-08-01,Ungverjaland,19394.190625647705,376.0400319782075,0,5.921890267373346,0.986981711228891,0.6579878074859272,0.6666666666666667
2023-09-01,Ungverjaland,19577.76922393628,263.5241168981139,2.960945133686673,8.882835401060019,0.986981711228891,0.3289939037429637,0.33333333333333337
2023-10-01,Ungverjaland,19734.699316021677,272.4069522991739,2.960945133686673,8.882835401060019,0.986981711228891,0,0
2023-11-01,Ungverjaland,19968.613981582923,275.36789743286056,0,8.882835401060019,NA,NA,NA
2023-12-01,Ungverjaland,20063.364225860892,151.0082018180203,0,8.882835401060019,NA,NA,NA
2022-03-01,Malta,1088.8127356706511,1088.8127356706511,573.0593345635007,21833.560646869377,503.0187492279617,41.38761860736394,0.08260764392839864
2022-04-01,Malta,3352.397107196479,2263.5843715258275,401.14153419445046,21518.37801285945,506.20241219775886,28.652966728175034,0.05660377358490566
2022-05-01,Malta,5701.940378906832,2378.196238438528,515.7534011071506,19999.770776266174,557.1410197145146,54.12227048655284,0.09087594567496125
2022-06-01,Malta,6733.447181121132,1088.8127356706511,573.0593345635007,19713.24110898442,608.0796272312701,79.59157424493064,0.12514811776501683
2022-07-01,Malta,7105.935748587408,487.1004343789756,401.14153419445046,18910.95804059552,659.0182347480259,105.06087800330846,0.15942028985507245
2022-08-01,Malta,7449.771349325509,487.1004343789756,573.0593345635007,18194.633872391147,690.854864445998,124.16285582209181,0.17801015104262213
2022-09-01,Malta,7850.912883519959,515.7534011071506,573.0593345635007,17822.14530492487,722.6914941439702,143.26483364087517,0.19660001223017182
2022-10-01,Malta,8223.401450986234,372.4885674662754,802.2830683889009,17421.003770730418,754.5281238419425,162.36681145965852,0.2151898734177215
2022-11-01,Malta,8395.319251355284,315.1826340099254,515.7534011071506,16819.291469438747,697.2221903855925,152.81582255026686,0.2199626478522515
2022-12-01,Malta,8681.848918637035,286.52966728175033,429.7945009226255,16332.19103505977,639.9162569292424,143.26483364087517,0.2247354222867815
2023-01-01,Malta,8997.031552646962,401.14153419445046,372.4885674662754,15529.90796667087,582.6103234728923,133.71384473148348,0.22950819672131148
2023-02-01,Malta,9312.214186656887,487.1004343789756,200.57076709722523,14870.889731922844,601.7123012916758,162.36681145965852,0.2674333251773917
2023-03-01,Malta,9541.437920482285,286.52966728175033,315.1826340099254,13953.994796621242,620.8142791104591,191.01977818783357,0.30535845363347197
2023-04-01,Malta,9827.967587764037,343.8356007381004,372.4885674662754,13610.159195883143,639.9162569292424,219.6727449160086,0.34328358208955223
2023-05-01,Malta,10057.191321589436,286.52966728175033,429.7945009226255,12979.79392786329,592.161312382284,206.93809303681965,0.3506505931879066
2023-06-01,Malta,10143.150221773962,143.26483364087517,487.1004343789756,12922.48799440694,544.4063678353256,194.2034411576308,0.358017604286261
2023-07-01,Malta,10458.332855783887,315.1826340099254,372.4885674662754,12406.73459329979,496.65142328836725,181.46878927844188,0.36538461538461536
2023-08-01,Malta,10601.597689424763,200.57076709722523,372.4885674662754,12177.51085947439,NA,NA,NA
2023-09-01,Malta,10802.168456521988,229.22373382540027,458.44746765080055,11833.675258736288,NA,NA,NA
2023-10-01,Malta,11088.698123803737,315.1826340099254,687.6712014762008,11489.839657998189,NA,NA,NA
2023-11-01,Malta,11203.309990716438,171.9178003690502,315.1826340099254,10515.638789240238,NA,NA,NA
2023-12-01,Malta,11260.61592417279,57.30593345635007,NA,NA,NA,NA,NA
2022-03-01,Holland,2657.141158146323,2657.141158146323,312.45142397519584,2633.668179717469,149.64748223037574,129.42015020156043,0.8624971265533514
2022-04-01,Holland,5617.344548896301,2960.7250124928405,245.68384088867654,2690.524949689583,158.7468837447712,139.96850100168763,0.88170865279299
2022-05-01,Holland,6970.431349884043,1353.0868009877431,255.0730322602183,2774.5060502905953,165.41205045913725,147.38712134463418,0.8903349514080374
2022-06-01,Holland,7966.2072570103355,995.7759071262919,269.6784410603944,2843.881742091432,172.07721717350333,154.8057416875808,0.8989612500230848
2022-07-01,Holland,8773.156093220065,806.9488362097295,288.45682380347796,2904.9114860064533,178.7423838878694,162.2243620305274,0.9075875486381322
2022-08-01,Holland,9536.81032477213,763.1326098092012,400.0838767762524,3080.6980133514303,164.54268088769822,147.2132474303464,0.8919889745284442
2022-09-01,Holland,10051.129363235474,514.3190384633441,459.02713371982026,3332.1196934116047,150.34297788752698,132.20213283016543,0.8763904004187559
2022-10-01,Holland,10623.870036899521,468.9379468342255,423.03523346224347,3586.149482186096,136.1432748873558,117.19101822998441,0.8607918263090677
2022-11-01,Holland,11112.629609962558,439.2055074910099,423.03523346224347,3819.3144012460502,140.49012274455106,118.06038780142347,0.8415379852161461
2022-12-01,Holland,11456.899960252424,336.4460241469137,281.1541194033899,3890.77658001834,144.83697060174632,118.92975737286254,0.8222841441232247
2023-01-01,Holland,11829.337884656914,340.61899808982116,266.5487106032138,3938.244158618912,149.1838184589416,119.79912694430156,0.803030303030303
2023-02-01,Holland,12134.486604232021,305.1487195751078,237.85951474572508,3951.8063239333615,150.86459963039042,121.19011825860407,0.8032979171648844
2023-03-01,Holland,12403.12180180669,268.63519757466753,241.51086694576907,4047.26310287737,152.5453808018393,122.58110957290656,0.803565531299466
2023-04-01,Holland,12611.770498952063,218.03788851691465,252.98654528876457,4115.073929449616,154.2261619732881,123.97210088720902,0.8038331454340473
2023-05-01,Holland,12847.543526726333,235.7730277742713,275.41628023189213,4136.98204264988,155.90694314473694,125.36309220151152,0.8040838145688409
2023-06-01,Holland,13143.824676672764,252.98654528876457,322.3622370896011,4427.525353424812,157.58772431618578,126.754083515814,0.8043344837036344
2023-07-01,Holland,13508.4382749343,325.49196754678167,381.8271157760323,4568.884845740802,159.26850548763463,128.1450748301165,0.804585152838428
2023-08-01,Holland,13783.332933423331,274.8946584890287,354.1811634042704,4516.201049711595,159.84808520192732,129.36219223013117,0.8092482732385776
2023-09-01,Holland,14167.768157913679,329.6649414896891,384.9568462332129,4695.117307513753,160.42766491621998,130.57930963014584,0.8139113936387272
2023-10-01,Holland,14585.58717394729,365.6568417472659,527.8812037777933,4991.920079203045,161.0072446305127,131.79642703016052,0.8185745140388769
2023-11-01,Holland,15001.319703009443,339.05413286123087,438.162264005283,5207.871480748507,NA,NA,NA
2023-12-01,Holland,15210.49002189768,209.17031888823627,404.25685071915996,5387.83098203639,NA,NA,NA
2022-03-01,Austurríki,NA,7206.782559541486,963.7366686820912,5957.949776574089,611.0622161958246,301.74224906274816,0.5058154350400145
2022-04-01,Austurríki,NA,5966.893968394804,1149.3286489619372,6344.786072820033,661.8701947329444,286.9594875812878,0.43355855855855857
2022-05-01,Austurríki,NA,2135.4257971958173,1342.746797084909,6692.491529850346,733.6721790714657,289.07131065006786,0.4004805570226131
2022-06-01,Austurríki,NA,1149.3286489619372,2170.0845405010896,7636.103766935827,805.474163409987,291.18313371884784,0.36740255548666767
2022-07-01,Austurríki,16722.284632805153,778.1446884022454,2575.927244366054,8793.258583740891,877.2761477485085,293.29495678762794,0.3343245539507222
2022-08-01,Austurríki,17424.403690731313,802.741215909213,3289.226542068112,10152.775740489642,869.4499799053824,302.1149237219446,0.34771935198635373
2022-09-01,Austurríki,18061.67735795729,687.5847462175013,3611.217447613869,11417.260859143289,861.6238120622564,310.93489065626125,0.3611141500219852
2022-10-01,Austurríki,18641.931802326206,648.4539070018711,4121.03638139465,13023.861314939306,853.7976442191303,319.75485759057784,0.37450894805761675
2022-11-01,Austurríki,19110.38384893618,517.6451016239074,2673.1953304163344,12651.559330402024,832.0582890993359,360.37639544299395,0.43634559990230526
2022-12-01,Austurríki,19585.54403941169,387.9543202235333,1573.0597364683324,12074.658957965878,810.3189339795413,400.99793329540995,0.4981822517469938
2023-01-01,Austurríki,19835.98141039172,391.3083921563015,954.7924768613759,10678.247009956674,788.5795788597468,441.61947114782606,0.5600189035916824
2023-02-01,Austurríki,19156.222832017345,389.0723442011227,593.670732099989,9508.793929398127,725.9702361147384,421.61926443761513,0.5850911797310968
2023-03-01,Austurríki,15993.33299941684,394.66246408906983,716.6533696348266,8518.22468525389,663.3608933697303,401.61905772740414,0.6101634558705111
2023-04-01,Austurríki,16303.025641209113,269.44377859905336,771.4365445367088,8253.253002565194,600.751550624722,381.61885101719315,0.6352357320099256
2023-05-01,Austurríki,16598.183971292725,291.804258150842,971.5628365252172,7911.137665422828,622.7393555173143,396.7742871578498,0.637017598124001
2023-06-01,Austurríki,16945.889428323037,364.4758166941552,1112.433857701486,7961.448744414352,644.7271604099064,411.9297232985067,0.6387994642380765
2023-07-01,Austurríki,17233.22159056352,316.40078565780954,1227.5903273931976,8157.102940492503,666.7149653024985,427.0851594391634,0.640581330352152
2023-08-01,Austurríki,17520.553752804004,321.99090554575673,1554.0533288493118,8545.057260716037,NA,NA,NA
2023-09-01,Austurríki,17843.66268232735,394.66246408906983,1854.8017788208692,9110.777393376291,NA,NA,NA
2023-10-01,Austurríki,18180.18789958177,364.4758166941552,2211.4514276718987,10194.14262766045,NA,NA,NA
2023-11-01,Austurríki,18474.228205687792,367.8298886269235,564.6021086826637,9229.28793500077,NA,NA,NA
2023-12-01,Austurríki,18651.99401812451,233.66701131619152,NA,NA,NA,NA,NA
2022-03-01,Pólland,103439.62612573525,103439.62612573525,156.58551310552,604.1909310559332,37.85210777510132,27.752554355287284,0.7472721871117594
2022-04-01,Pólland,160329.81644817005,65241.1630774721,97.77046671954419,871.5320509921869,30.807881440273036,24.18800608947057,0.7851239669421488
2022-05-01,Pólland,175019.0652410103,14769.451128821145,84.02149483710829,813.4808363774575,43.029189780216065,30.383530456247236,0.7347367326784137
2022-06-01,Pólland,184203.3784584775,9350.828543598906,89.36831723583336,768.4147618739175,55.25049812015909,36.57905482302391,0.6843494984146785
2022-07-01,Pólland,192803.36037094114,8789.412191732774,92.42364432081912,754.6657899914817,67.47180646010212,42.77457918980058,0.6339622641509434
2022-08-01,Pólland,203190.70862812144,10313.256575369418,103.11728911826927,766.1232665601783,66.19875350802471,43.87789174826766,0.6639748427672956
2022-09-01,Pólland,209385.38429293007,8205.080886729247,114.57476568696585,773.7615842726426,64.92570055594732,44.981204306734746,0.6939874213836478
2022-10-01,Pólland,155315.26086993716,8350.208923266071,106.93644797450145,766.8870983314247,63.65264760386992,46.08451686520182,0.724
2022-11-01,Pólland,144266.4342988574,6183.98202001117,116.86626100070517,787.5105561550786,66.79284488566083,45.15094470034506,0.6801114982578397
2022-12-01,Pólland,146860.40699401032,4879.357354722252,109.99177505948722,375.04139968200155,69.93304216745175,44.21737253548831,0.6362229965156795
2023-01-01,Pólland,148803.59502006127,4353.841096104702,114.57476568696585,397.19252104814825,73.07323944924266,43.28380037063154,0.5923344947735192
2023-02-01,Pólland,151812.328367001,3813.8120338334697,77.14700889589034,371.22224082576935,71.12122492272398,43.62328115785218,0.6145866328793158
2023-03-01,Pólland,152725.87116541175,2910.962880220179,91.65981254957268,349.8349512308691,69.16921039620532,43.96276194507282,0.6368387709851124
2023-04-01,Pólland,152007.86930044007,2135.6736324050435,74.09168181090457,336.08597934843317,67.21719586968663,44.302242732293465,0.6590909090909091
2023-05-01,Pólland,151448.7444438877,2675.7026946762758,93.18747609206555,336.8498111196796,65.68953232719376,43.708151354657346,0.6656812022665681
2023-06-01,Pólland,149365.77520369863,3098.865495946803,96.24280317705131,339.14130643341895,64.16186878470087,43.11405997702122,0.6722714954422271
2023-07-01,Pólland,148348.3512843984,3512.0984841911263,106.17261620325502,350.5987830021155,62.634205242208004,42.5199685993851,0.6788617886178862
2023-08-01,Pólland,146740.48540592464,3379.9555877654925,109.22794328824077,375.805231453248,63.90725819428539,44.21737253548831,0.6913995576737376
2023-09-01,Pólland,146450.22933285098,3234.063719457423,108.46411151699434,410.9414929305842,65.1803111463628,45.914776471591495,0.7039373267295892
2023-10-01,Pólland,146751.17905072207,2905.616057821454,127.5599057981553,453.71607212038475,66.45336409844019,47.6121804076947,0.7164750957854407
2023-11-01,Pólland,145909.4364388085,2101.3012026989536,97.77046671954419,449.13308149290606,NA,NA,NA
2023-12-01,Pólland,145861.31503722,1598.6998972187969,84.02149483710829,456.0075674341241,NA,NA,NA
2022-03-01,Portúgal,10332.556465935575,10332.556465935575,53.64346408033645,53.64346408033645,19.256628131402827,12.379260941616105,0.6423529411764706
2022-04-01,Portúgal,14062.840429675896,3728.220753583383,41.26420313872035,37.137782824848315,17.19341797446681,11.00378750365876,0.64
2022-05-01,Portúgal,16225.08467414484,2209.6980780784747,74.27556564969663,61.89630470808052,20.402855996367286,14.442471098552122,0.6916239316239317
2022-06-01,Portúgal,18769.02279764695,2527.4324422466216,66.02272502195255,49.51704376646442,23.612294018267754,17.881154693445485,0.7432478632478632
2022-07-01,Portúgal,19895.535543334016,1143.0184269425538,55.70667423727247,49.51704376646442,26.821732040168225,21.319838288338847,0.7948717948717949
2022-08-01,Portúgal,20881.749998349434,1194.598680865954,57.76988439420849,55.70667423727247,34.845327094919405,28.884942197104245,0.818202818202818
2022-09-01,Portúgal,21531.661197784277,755.1349174385824,59.833094551144505,51.580253923400434,42.86892214967058,36.45004610586964,0.8415338415338416
2022-10-01,Portúgal,22167.12992612057,674.6697213180777,70.1491453358246,61.89630470808052,50.892517204421765,44.01515001463504,0.8648648648648649
2022-11-01,Portúgal,22703.56456692394,557.0667423727248,72.21235549276061,66.02272502195255,38.05476511681988,31.86513464601183,0.7802802802802804
2022-12-01,Portúgal,23074.942395172417,488.98080719383614,107.2869281606729,92.8444570621208,25.217013029217995,19.71511927738861,0.6956956956956958
2023-01-01,Portúgal,23489.64763671656,482.7911767230281,80.46519612050469,72.21235549276061,12.379260941616105,7.565103908765397,0.6111111111111112
2023-02-01,Portúgal,23877.531146220528,394.07313997477934,72.21235549276061,63.95951486501654,13.754734379573453,8.940577346722742,0.6435185185185186
2023-03-01,Portúgal,23889.910407162148,338.36646573750687,74.27556564969663,59.833094551144505,15.130207817530794,10.316050784680087,0.6759259259259259
2023-04-01,Portúgal,22850.052488066394,245.52200867538608,68.08593517888858,61.89630470808052,16.50568125548814,11.691524222637431,0.7083333333333334
2023-05-01,Portúgal,22656.110733314406,239.33237820457802,70.1491453358246,68.08593517888858,17.651909120452597,13.525488806580558,0.7595785440613028
2023-06-01,Portúgal,22870.68458963575,222.8266969490899,82.5284062774407,72.21235549276061,18.79813698541705,15.359453390523685,0.810823754789272
2023-07-01,Portúgal,23122.39622878195,255.83805946006615,78.40198596356866,70.1491453358246,19.944364850381504,17.19341797446681,0.8620689655172413
2023-08-01,Portúgal,23400.92959996831,278.5333711863624,66.02272502195255,61.89630470808052,NA,NA,NA
2023-09-01,Portúgal,23615.503456289654,249.6484289892581,82.5284062774407,74.27556564969663,NA,NA,NA
2023-10-01,Portúgal,23922.92176967312,342.4928860513789,117.602978945353,115.53976878841698,NA,NA,NA
2023-11-01,Portúgal,24081.788951757197,259.9644797739382,156.80397192713733,152.67755161326528,NA,NA,NA
2023-12-01,Portúgal,24298.426018235477,222.8266969490899,NA,NA,NA,NA,NA
2022-03-01,Rúmenía,714.3520721136658,714.3520721136658,249.84727645354812,406.44169620260294,112.21622588758733,28.151805797582885,0.25024154589371983
2022-04-01,Rúmenía,4588.744345006011,3874.392272892345,205.86007989482485,432.8340141378369,114.36671105268049,30.497789614048134,0.26666666666666666
2022-05-01,Rúmenía,11850.150752920046,7273.722822950479,160.11339547375266,329.02423025925003,119.64517463972729,27.17431254072237,0.23033033033033035
2022-06-01,Rúmenía,15530.999360954009,3698.4434866574516,212.89803134422058,346.6191088827393,124.92363822677406,23.850835467396614,0.193993993993994
2022-07-01,Rúmenía,18096.33266425875,2626.9153784869536,390.60630544146255,513.77045580588765,130.20210181382086,20.527358394070855,0.15765765765765766
2022-08-01,Rúmenía,21499.18219004158,3443.317746616857,424.03657482609225,649.2510212067554,122.96865171305302,23.850835467396614,0.1987987987987988
2022-09-01,Rúmenía,24879.15837361388,3439.798770892159,288.5560094252246,619.3397275468236,115.7352016122852,27.17431254072237,0.23993993993993995
2022-10-01,Rúmenía,27787.59181007666,2989.369878130833,214.65751920656953,476.8212106965601,108.50175151151738,30.497789614048134,0.2810810810810811
2022-11-01,Rúmenía,31568.731226264514,3819.8481491595285,195.30315272073128,439.87196558723264,149.94746560240327,26.78331523797817,0.21509519595161913
2022-12-01,Rúmenía,35525.81942868725,3986.9994960826766,175.94878623489305,436.35298986253474,191.3931796932892,23.0688408619082,0.14910931082215717
2023-01-01,Rúmenía,38654.18884794365,3174.1161036774706,244.56881286650133,469.78325924716444,232.8388937841751,19.354366485838238,0.08312342569269521
2023-02-01,Rúmenía,41311.015520090536,2806.383140446544,253.36625217824601,434.5935020001858,224.62795042654682,20.13636109132665,0.09015740116602215
2023-03-01,Rúmenía,43647.61540128992,2489.6753252237368,388.84681757911363,416.99862337669657,216.41700706891845,20.918355696815066,0.09719137663934911
2023-04-01,Rúmenía,44815.91534188961,1330.1728239357915,380.049378267369,478.58069855890915,208.20606371129008,21.700350302303473,0.10422535211267606
2023-05-01,Rúmenía,46161.923556586546,1502.6026344459867,406.44169620260294,603.5043367856831,184.35522824389352,22.286846256419786,0.12670817465594714
2023-06-01,Rúmenía,46994.161315477584,955.4019092554694,346.6191088827393,670.3648755549425,160.5043927764969,22.873342210536098,0.1491909971992182
2023-07-01,Rúmenía,47676.84260606897,937.80703063198,241.0498371418035,459.22633207307086,136.65355730910028,23.45983816465241,0.17167381974248927
2023-08-01,Rúmenía,48509.08036496002,939.5665184943289,256.8852279029438,654.5294847938021,NA,NA,NA
2023-09-01,Rúmenía,49471.52022566488,797.0480016440655,265.68266721468854,694.9977056278276,NA,NA,NA
2023-10-01,Rúmenía,50089.10046534936,971.2373000166097,288.5560094252246,585.9094581621938,NA,NA,NA
2023-11-01,Rúmenía,50777.06021952778,837.516222478091,NA,NA,NA,NA,NA
2023-12-01,Rúmenía,51324.260944718306,612.3017760974278,NA,NA,NA,NA,NA
2022-03-01,Slóvenía,1507.7746823592115,1507.7746823592115,1008.1051655308682,2629.839562254439,16.558249095676096,5.8440879161209756,0.3619047619047619
2022-04-01,Slóvenía,6749.921543119726,5242.146860760515,1200.9600667628604,2927.8880459766087,14.610219790302441,5.8440879161209756,0.4
2022-05-01,Slóvenía,9178.140072267992,2428.218529148265,1244.7907261337677,3190.8720022020525,17.532263748362926,6.818102568807804,0.3916666666666667
2022-06-01,Slóvenía,10019.688732189412,841.5486599214204,1227.2584623854048,3243.4687934471413,20.454307706423414,7.792117221494633,0.3833333333333334
2022-07-01,Slóvenía,10922.600315230102,902.9115830406907,981.8067699083239,3410.025299056589,23.376351664483902,8.766131874181463,0.375
2022-08-01,Slóvenía,11667.721524535527,613.6292311927024,1087.0003523985015,3033.0816284667862,33.11649819135219,7.7921172214946335,0.28703703703703703
2022-09-01,Slóvenía,12255.052360105685,464.60498933161756,832.7825280472389,2112.6377816777326,42.85664471822048,6.818102568807805,0.19907407407407407
2022-10-01,Slóvenía,12570.633107576217,280.5162199738068,859.0809236697833,1989.9119354391921,52.596791245088774,5.8440879161209756,0.1111111111111111
2022-11-01,Slóvenía,13008.939701285291,420.7743299607102,797.7180005505131,1849.6538254522886,52.596791245088774,4.870073263434146,0.09259259259259259
2022-12-01,Slóvenía,13456.012426868547,412.00819808652875,666.2260224377911,1761.992506710474,52.596791245088774,3.8960586107473167,0.07407407407407407
2023-01-01,Slóvenía,13824.189965584166,333.11301121889556,753.8873411796058,1761.992506710474,52.596791245088774,2.9220439580604878,0.05555555555555555
2023-02-01,Slóvenía,14078.407789935429,227.919428728718,692.5244180603356,1875.952221074833,42.856644718220494,3.8960586107473163,0.12037037037037036
2023-03-01,Slóvenía,14402.754669280142,298.0484837221697,964.2745061599609,1849.6538254522886,33.11649819135219,4.870073263434145,0.18518518518518517
2023-04-01,Slóvenía,14665.738625505586,236.6855606028995,894.1454511665092,1700.6295835912038,23.376351664483902,5.8440879161209756,0.25
2023-05-01,Slóvenía,14911.190317982668,227.919428728718,1060.7019567759571,1761.992506710474,25.32438096985756,7.792117221494633,0.3
2023-06-01,Slóvenía,15112.811351088842,184.08876935781072,1087.0003523985015,3304.8317165664116,27.272410275231216,9.74014652686829,0.35
2023-07-01,Slóvenía,15340.73077981756,201.62103310617366,1051.9358249017755,4348.001409594006,29.220439580604882,11.688175832241951,0.4
2023-08-01,Slóvenía,15551.117944797916,201.62103310617366,1595.4360011010262,5207.082333263789,NA,NA,NA
2023-09-01,Slóvenía,14841.061262989217,210.3871649803551,1165.8955392661344,4926.566113289982,NA,NA,NA
2023-10-01,Slóvenía,15121.577482963023,254.2178243512624,1113.2987480210459,4567.154706448542,NA,NA,NA
2023-11-01,Slóvenía,15270.60172482411,306.8146155963512,1025.6374292792311,4619.751497693631,NA,NA,NA
2023-12-01,Slóvenía,NA,NA,NA,NA,NA,NA,NA
2022-03-01,Slóvakía,NA,53901.12836676845,27.360978866379927,109.44391546551971,10.640380670258859,6.0802175258622055,0.5090909090909091
2022-04-01,Slóvakía,65698.2704213226,12339.801468737347,18.240652577586616,100.32358917672639,7.600271907327757,3.0401087629311028,0.4
2022-05-01,Slóvakía,70231.07258685287,5837.008824827717,13.680489433189964,104.88375232112304,7.600271907327757,2.0267391752874016,0.2666666666666667
2022-06-01,Slóvakía,73391.26564591975,4254.632213722078,22.80081572198327,114.00407860991636,7.600271907327757,1.0133695876437012,0.13333333333333336
2022-07-01,Slóvakía,76172.96516400171,3511.3256211854236,13.680489433189964,118.564241754313,7.600271907327757,0,0
2022-08-01,Slóvakía,79314.917570491,3953.6614461918994,59.2821208771565,159.6057100538829,8.106956701149606,0.5066847938218504,0.05555555555555555
2022-09-01,Slóvakía,82019.09431511823,3461.1638265970605,27.360978866379927,164.16587319827954,8.613641494971459,1.0133695876437008,0.1111111111111111
2022-10-01,Slóvakía,84157.81082984025,3219.4751799440373,54.721957732759854,159.6057100538829,9.120326288793308,1.5200543814655514,0.16666666666666666
2022-11-01,Slóvakía,85644.42401491356,2868.3426178254954,45.60163144396654,232.56832036422935,9.627011082615159,2.0267391752874016,0.20634920634920634
2022-12-01,Slóvakía,87144.71768942005,2207.1189618879807,41.041468299569885,209.76750464224608,10.133695876437011,2.5334239691092515,0.24603174603174602
2023-01-01,Slóvakía,88111.47227603216,2950.4255544246353,18.240652577586616,255.36913608621262,10.640380670258859,3.0401087629311028,0.2857142857142857
2023-02-01,Slóvakía,89360.95697759683,2462.4880979741934,59.2821208771565,241.6886466530227,9.627011082615159,2.533423969109253,0.2571428571428571
2023-03-01,Slóvakía,90770.0473892154,2485.288913696176,59.2821208771565,255.36913608621262,8.613641494971459,2.0267391752874016,0.2285714285714286
2023-04-01,Slóvakía,91805.20442299344,1792.1441157478848,31.921142010776578,200.64717835345277,7.600271907327757,1.5200543814655514,0.2
2023-05-01,Slóvakía,93072.92977713571,2115.9156990000474,36.48130515517323,150.48538376508958,10.133695876437006,3.546793556752953,0.3
2023-06-01,Slóvakía,94814.91209829523,2403.2059770970363,18.240652577586616,127.68456804310631,12.667119845546258,5.573532732040355,0.4
2023-07-01,Slóvakía,96392.72854625648,2229.919777609964,22.80081572198327,136.80489433189962,15.200543814655514,7.600271907327757,0.5
2023-08-01,Slóvakía,98162.07184628237,2375.8449982306565,18.240652577586616,127.68456804310631,NA,NA,NA
2023-09-01,Slóvakía,99894.9338411531,2517.210055706953,22.80081572198327,91.20326288793308,NA,NA,NA
2023-10-01,Slóvakía,101796.52187236652,2585.612502872903,45.60163144396654,114.00407860991636,NA,NA,NA
2023-11-01,Slóvakía,103160.0106525411,2152.3970041552207,18.240652577586616,114.00407860991636,NA,NA,NA
2023-12-01,Slóvakía,104176.92703374155,1555.015632239259,NA,NA,NA,NA,NA
2022-03-01,Finnland,1045.0391377402566,1045.0391377402566,141.57392953343938,1838.59826907243,75.54749163699617,34.15160580850512,0.4550143384704256
2022-04-01,Finnland,5629.426513816497,4584.387376076241,91.27792825182276,1823.6957501741733,66.44039675472814,31.046914371368285,0.46728971962616817
2022-05-01,Finnland,8462.767919347567,2833.34140553107,87.55229852725857,1814.3816758627627,67.68227332958287,31.253893800510742,0.46196895762688495
2022-06-01,Finnland,10565.885898864055,2106.843609241052,100.59200256323324,1803.20478668907,68.9241499044376,31.4608732296532,0.4566481956276017
2022-07-01,Finnland,12167.906680426659,1602.0207815626038,100.59200256323324,1825.558565036455,70.16602647929234,31.667852658795653,0.4513274336283185
2022-08-01,Finnland,13434.620786778483,1266.714106351826,106.18044715007954,1846.0495285215584,77.82426535756318,37.67025610392685,0.47866273352999017
2022-09-01,Finnland,14434.952367823973,1000.3315810454861,203.0468199887486,1948.5043459470737,85.48250423583401,43.672659549058054,0.5059980334316617
2022-10-01,Finnland,15429.695504282612,994.7431364586399,247.7543766835189,2093.803905205077,93.14074311410486,49.67506299418926,0.5333333333333333
2022-11-01,Finnland,16167.370189746322,737.6746854637105,147.16237412028568,2106.843609241052,87.96625738554347,47.1913098444798,0.5368888888888889
2022-12-01,Finnland,16845.434799617004,678.0646098706834,106.18044715007954,2058.4104228217175,82.79177165698209,44.70755669477033,0.5404444444444445
2023-01-01,Finnland,17439.672740684993,594.237941067989,132.2598552220289,2086.352645755949,77.61728592842073,42.22380354506087,0.544
2023-02-01,Finnland,18220.192167981193,780.5194272961987,115.49452146149004,2082.6270160313848,75.3405122078537,41.60286525763351,0.5527251461988304
2023-03-01,Finnland,19011.888484451083,791.6963164698914,117.35733632377212,2054.684793097153,73.0637384872867,40.98192697020614,0.5614502923976609
2023-04-01,Finnland,19427.296198739994,415.4077142889077,117.35733632377212,2060.2732376839995,70.78696476671969,40.360988682778775,0.5701754385964912
2023-05-01,Finnland,20071.8301410896,644.5339423496056,139.7111146711573,2097.5295349296416,68.09623218786778,37.04931781649949,0.5418331306814892
2023-06-01,Finnland,20917.548088565673,845.717947476072,145.2995592580036,2106.843609241052,65.40549960901585,33.7376469502202,0.5134908227664872
2023-07-01,Finnland,21893.66307640149,976.114987835819,115.49452146149004,2097.5295349296416,62.71476703016395,30.425976083940924,0.48514851485148514
2023-08-01,Finnland,22392.89745949309,499.23438309160207,143.4367443957215,2142.2370916244117,NA,NA,NA
2023-09-01,Finnland,22787.814210296896,396.7795656660867,150.88800384484986,2194.3959077683107,NA,NA,NA
2023-10-01,Finnland,23290.77422311306,502.9600128161662,145.2995592580036,2250.2803536367733,NA,NA,NA
2023-11-01,Finnland,23654.02312125807,363.248898145009,447.07556694770335,2574.4101396738583,NA,NA,NA
2023-12-01,Finnland,23912.954387115282,260.79408071949365,NA,NA,NA,NA,NA
2022-03-01,Svíþjóð,3226.2923019049426,3226.2923019049426,324.138918303139,2497.2017486806217,130.74096400354924,48.250816149234396,0.369253683053769
2022-04-01,Svíþjóð,5332.751244959863,2117.1155650265296,213.13243943220098,2440.3664314987013,140.0161720158765,51.50700619611524,0.3678646934460888
2022-05-01,Svíþjóð,6151.535033111901,819.6718399830064,240.6620461921936,2351.561248401951,137.84537865128928,49.04019555453885,0.35536877567507175
2022-06-01,Svíþjóð,6533.397320427928,382.7503391469943,252.2067199947712,2342.680730092276,135.67458528670198,46.57338491296244,0.34287285790405475
2022-07-01,Svíþjóð,6982.751546897485,451.13033013149214,229.11737238961607,2411.948772907741,133.50379192211477,44.10657427138604,0.3303769401330377
2022-08-01,Svíþjóð,7382.374870832861,396.9591684424743,267.3036011212188,2506.9703188212643,157.18517408124822,50.52028193948468,0.32348332429515586
2022-09-01,Svíþjóð,7645.238212799243,261.97529013541373,300.1615188670164,2510.522526145134,180.86655624038167,56.93398960758332,0.316589708457274
2022-10-01,Svíþjóð,7902.773243779819,256.6469791496087,248.65451267090114,2505.194215159329,204.54793839951515,63.347697275681966,0.3096960926193922
2022-11-01,Svíþjóð,8179.845415041681,274.40801576895876,251.31866816380366,2482.9929193851412,205.04130052783043,65.12380093761698,0.3175751728573726
2022-12-01,Svíþjóð,8224.248006590056,232.6695797134861,216.68464675607103,2483.880971216109,205.53466265614568,66.89990459955197,0.3254542530953529
2023-01-01,Svíþjóð,8404.522528276459,189.1550399960784,234.4456833754211,2460.791623610954,206.02802478446097,68.676008261487,0.3333333333333333
2023-02-01,Svíþjóð,8590.125360948668,165.17764055995576,223.78906140381105,2399.5160472741964,199.51564469069925,65.71583549159531,0.3291005291005291
2023-03-01,Svíþjóð,4390.52825230334,198.03555830575343,222.01295774187602,2316.039175163251,193.00326459693758,62.75566272170363,0.32486772486772486
2023-04-01,Svíþjóð,5925.081816215187,128.7675154902881,170.50595154576078,2293.8378793890633,186.49088450317586,59.795489951811945,0.32063492063492066
2023-05-01,Svíþjóð,6559.150823525986,209.58023210833096,206.91607661542847,2234.33840671424,175.83426253156583,54.861868668659135,0.3108191935778143
2023-06-01,Svíþjóð,6961.438302954265,247.76646083993367,196.2594546438184,2137.5407571387823,165.17764055995576,49.928247385506346,0.3010034665207079
2023-07-01,Svíþjóð,7149.705291119375,179.38646985543582,169.61789971479328,2179.279193194255,154.52101858834573,44.99462610235354,0.29118773946360155
2023-08-01,Svíþjóð,7313.106828017396,159.84932957415074,206.02802478446097,2205.0326962923127,NA,NA,NA
2023-09-01,Svíþjóð,7445.426550831555,127.87946365932059,191.8191954889809,2127.7721869981397,NA,NA,NA
2023-10-01,Svíþjóð,7554.656926040558,108.34232337803552,183.82672901027334,2036.302848408487,NA,NA,NA
2023-11-01,Svíþjóð,7660.335093925691,104.79011605416548,190.04309182704588,1950.161820804639,NA,NA,NA
2023-12-01,Svíþjóð,7763.349106317921,103.902064223198,155.40907041931322,1914.639747565939,NA,NA,NA
2022-03-01,Ísland,974.1001749633776,974.1001749633776,543.2481744988067,1985.6657412715003,233.11799058952624,158.18720790003567,0.6803118908382066
2022-04-01,Ísland,3090.8947859414866,2116.794610978109,355.92121777508027,2098.0619153057364,237.28081185005354,149.86156537898117,0.631578947368421
2022-05-01,Ísland,3933.8660911982556,824.2386095843964,543.2481744988067,2360.319654718953,368.409681556662,291.3974882369078,0.724682994615251
2022-06-01,Ísland,4645.708526748416,730.5751312225333,524.5154788264341,2641.310089804543,499.5385512632706,432.9334110948344,0.817787041862081
2022-07-01,Ísland,5151.491309902478,505.7827831540614,580.713565843552,3090.8947859414866,630.6674209698791,574.4693339527612,0.9108910891089109
2022-08-01,Ísland,5676.006788728912,524.5154788264341,355.92121777508027,2416.5177417360715,555.7366382803885,470.3988024395798,0.8226453414572226
2022-09-01,Ísland,6406.581919951445,674.3770442054152,824.2386095843964,2210.458089339972,480.805855590898,366.32827092639843,0.7343995938055344
2022-10-01,Ísland,7249.553225208213,842.9713052567691,1011.5655663081228,2660.042785476916,405.8750729014073,262.25773941321705,0.6461538461538462
2022-11-01,Ísland,7905.197573741257,636.91165286067,1292.5560013937127,3259.4890469928405,376.7353240777166,222.71093743820813,0.5810960281548517
2022-12-01,Ísland,8673.238096308534,768.0405225672785,1423.684871100321,4289.787308973337,347.59557525402573,183.16413546319922,0.5160382101558573
2023-01-01,Ísland,9310.149749169206,636.91165286067,1030.2982619804957,5001.629744523497,318.455826430335,143.6173334881903,0.4509803921568627
2023-02-01,Ísland,9872.130619340383,543.2481744988067,1161.427131687104,5619.808701711794,447.5032855066799,129.0474590763449,0.34785123488923597
2023-03-01,Ísland,10396.646098166819,505.7827831540614,1142.6944360147315,6331.651137261953,576.5507445830248,114.47758466449952,0.24472207762160914
2023-04-01,Ísland,10752.5673159419,355.92121777508027,936.6347836186324,6500.245398313307,705.5982036593697,99.90771025265413,0.1415929203539823
2023-05-01,Ísland,11220.884707751215,468.3173918093162,1030.2982619804957,6425.314615623817,620.260367818561,91.5820677315996,0.14995083579154375
2023-06-01,Ísland,11558.073229853922,337.1885221027076,805.5059139120237,6556.4434853304265,534.9225319777523,83.2564252105451,0.1583087512291052
2023-07-01,Ísland,12101.32140435273,543.2481744988067,524.5154788264341,6762.503137726525,449.5846961369435,74.93078268949058,0.16666666666666666
2023-08-01,Ísland,12457.24262212781,355.92121777508027,337.1885221027076,6799.9685290712705,NA,NA,NA
2023-09-01,Ísland,13000.490796626615,524.5154788264341,674.3770442054152,7062.226268484488,NA,NA,NA
2023-10-01,Ísland,13543.738971125424,543.2481744988067,693.1097398777879,7080.95896415686,NA,NA,NA
2023-11-01,Ísland,14086.98714562423,561.9808701711794,655.6443485330426,7380.682094914822,NA,NA,NA
2023-12-01,Ísland,NA,NA,NA,NA,NA,NA,NA
2022-03-01,Liechtenstein,NA,NA,NA,NA,NA,NA,0.33333333333333337
2022-04-01,Liechtenstein,NA,NA,NA,NA,NA,NA,0.25
2022-05-01,Liechtenstein,NA,NA,NA,NA,NA,NA,0.16666666666666669
2022-06-01,Liechtenstein,NA,NA,NA,NA,NA,NA,0.08333333333333331
2022-07-01,Liechtenstein,NA,NA,NA,NA,NA,NA,0
2022-08-01,Liechtenstein,NA,NA,NA,NA,NA,NA,0
2022-09-01,Liechtenstein,NA,NA,NA,NA,NA,NA,0
2022-10-01,Liechtenstein,NA,NA,NA,NA,NA,NA,0
2022-11-01,Liechtenstein,NA,NA,NA,NA,NA,NA,0
2022-12-01,Liechtenstein,NA,NA,NA,NA,NA,NA,0
2023-01-01,Liechtenstein,NA,NA,NA,NA,NA,NA,0
2023-02-01,Liechtenstein,NA,NA,NA,NA,NA,NA,0.16666666666666666
2023-03-01,Liechtenstein,NA,NA,NA,NA,NA,NA,0.3333333333333333
2023-04-01,Liechtenstein,NA,NA,NA,NA,NA,NA,0.5
2023-05-01,Liechtenstein,NA,NA,NA,NA,NA,NA,0.6666666666666666
2023-06-01,Liechtenstein,NA,NA,NA,NA,NA,NA,0.8333333333333334
2023-07-01,Liechtenstein,NA,NA,NA,NA,NA,NA,1
2023-08-01,Liechtenstein,NA,NA,NA,NA,NA,NA,1
2023-09-01,Liechtenstein,NA,NA,NA,NA,NA,NA,1
2023-10-01,Liechtenstein,NA,NA,NA,NA,NA,NA,1
2023-11-01,Liechtenstein,NA,NA,NA,NA,NA,NA,NA
2023-12-01,Liechtenstein,NA,NA,NA,NA,NA,NA,NA
2022-03-01,Noregur,397.5828380224496,396.697352859816,47.816198782209966,196.57770610464098,19.972609779400457,16.824218090036844,0.8429909277143693
2022-04-01,Noregur,1597.4152333908662,1197.1759398805164,32.762951017440166,208.97449838151024,20.07099701969307,15.643571206525484,0.7794117647058825
2022-05-01,Noregur,2590.9295858656733,1021.8498776790798,49.587169107477,237.3100235857828,18.595188415303877,14.069375361843672,0.7523122456529783
2022-06-01,Noregur,3115.136802144716,492.32975042423595,46.93071361957645,256.7906971637202,17.119379810914683,12.495179517161864,0.725212726600074
2022-07-01,Noregur,3340.9355186162634,228.45517195944763,46.93071361957645,286.8971926932598,15.643571206525484,10.920983672480055,0.6981132075471698
2022-08-01,Noregur,4085.6285403910515,745.5785069374222,78.8081794743831,340.0263024512709,19.480673577937395,13.67582640067322,0.7009160514082581
2022-09-01,Noregur,4675.361658704975,590.6186034765565,100.05982337758753,418.834481925654,23.317775949349304,16.430669128866388,0.7037188952693465
2022-10-01,Noregur,5151.752676201808,478.16198782209966,102.71627886548808,487.0168394484349,27.15487832076122,19.185511857059556,0.7065217391304348
2022-11-01,Noregur,5528.083870321052,376.33119411924514,92.09045691388587,532.1765827427442,29.811333808661775,21.743580104667497,0.7259164535379369
2022-12-01,Noregur,5942.490926433539,414.40705611248643,55.785565245911634,558.7411376217499,32.46778929656232,24.301648352275436,0.7453111679454391
2023-01-01,Noregur,6323.249546365952,383.41507542031326,55.785565245911634,569.3669595733521,35.12424478446288,26.859716599883374,0.7647058823529411
2023-02-01,Noregur,6839.487396181293,516.237849815341,33.64843618007369,556.9701672964828,34.92747030387765,26.761329359590768,0.7662141779788838
2023-03-01,Noregur,7354.839760834,515.3523646527074,39.84683231850831,555.1991969712158,34.73069582329243,26.662942119298155,0.7677224736048267
2023-04-01,Noregur,7683.354756171035,328.51499533703515,38.96134715587479,576.4508408744201,34.533921342707195,26.56455487900554,0.7692307692307694
2023-05-01,Noregur,8010.984266345437,327.6295101744016,51.35813943274404,570.2524447359856,36.89521510972991,27.94197624310212,0.7586833969812694
2023-06-01,Noregur,8358.97993526041,349.76663924023956,61.09847622171274,570.2524447359856,39.256508876752626,29.31939760719871,0.7481360247317694
2023-07-01,Noregur,8816.775764341939,457.7958290815288,82.35012012491717,610.9847622171274,41.61780264377534,30.69681897129529,0.7375886524822695
2023-08-01,Noregur,9316.189396067242,500.29911688793766,89.43400142598531,637.549317096133,46.04522845694294,35.41940650534072,0.7641272020132692
2023-09-01,Noregur,9998.012971295051,681.8235752278089,91.20497175125236,666.770327463039,50.472654270110525,40.14199403938614,0.7906657515442691
2023-10-01,Noregur,10799.377043478386,801.3640721833336,78.8081794743831,672.9687236014736,54.90008008327812,44.86458157343158,0.8172043010752689
2023-11-01,Noregur,11539.642639440006,741.1510811242545,67.29687236014738,677.3961494146413,NA,NA,NA
2023-12-01,Noregur,11854.875357337538,315.2327178975324,62.86944654697977,684.4800307157094,NA,NA,NA
2022-03-01,Sviss,1940.7187872121096,1951.0041467998517,167.7799282750449,959.1097815569617,103.0678742021668,90.56830525873008,0.8771351637096507
2022-04-01,Sviss,4902.902348481868,2951.2553667077823,162.6372484811738,997.6798800109951,97.71091608355106,84.2113816246394,0.861842105263158
2022-05-01,Sviss,6637.913943939133,1783.8670534990406,189.63631739899714,1042.0354932331334,110.56761556822883,94.85387175362268,0.8586284894626504
2022-06-01,Sviss,7195.251866599915,613.9074003933636,221.77806611069155,1122.3898650123695,123.42431505290661,105.49636188260592,0.8554148736621427
2022-07-01,Sviss,7364.317464823428,346.48805111206593,229.4920858014982,1181.530682641887,136.28101453758438,116.13885201158922,0.8522012578616353
2022-08-01,Sviss,7561.024966938998,363.201760442147,262.91950446166044,1248.3855199622117,134.8524923726202,115.71029536209994,0.8581774619510467
2022-09-01,Sviss,7712.7340208581945,369.63011018448594,344.55954618936426,1389.1663793194332,133.423970207656,115.28173871261068,0.8641536660404585
2022-10-01,Sviss,7791.15988771473,302.77527286416154,412.70005345815645,1601.3019208166165,131.9954480426918,114.85318206312144,0.8701298701298701
2022-11-01,Sviss,7913.941367793402,320.1318171684765,457.6985016545286,1855.8645706132363,142.78079038817145,125.85280273334574,0.8799562019901004
2022-12-01,Sviss,8076.578616274577,294.418418199121,345.8452161378321,1991.5027501765867,153.5661327336512,136.85242340357004,0.8897825338503305
2023-01-01,Sviss,8223.787825374136,275.7762039463382,323.345992039646,2070.571452007355,164.35147507913084,147.85204407379436,0.8996088657105608
2023-02-01,Sviss,8374.211209344867,240.42028036347432,215.34971636835266,2034.5726934502575,158.63738641927407,143.06649482116433,0.9020196901922903
2023-03-01,Sviss,8453.922746149869,284.7758935856126,242.34878528617602,1990.8599152023528,152.9232977594173,138.28094556853424,0.9044305146740199
2023-04-01,Sviss,8439.780376716722,155.56606376460104,212.13554149718323,1988.9314102796513,147.2092090995605,133.4953963159042,0.9068413391557496
2023-05-01,Sviss,8421.13816246394,165.85142335234326,262.91950446166044,1987.0029053569497,149.85197510474424,135.99531010459154,0.9075074857723413
2023-06-01,Sviss,8381.282394061438,163.2800834554077,307.2751176837987,2042.286713141064,152.49474110992801,138.49522389327888,0.9081736323889331
2023-07-01,Sviss,8345.926470478575,185.77930755359378,278.3475438432738,2084.7138214405004,155.1375071151118,140.99513768196624,0.9088397790055249
2023-08-01,Sviss,8408.924297953496,252.63414487391822,385.0581495660993,2212.6379813130447,NA,NA,NA
2023-09-01,Sviss,8452.637076201401,209.56420160024766,509.12529959323973,2376.560899742686,NA,NA,NA
2023-10-01,Sviss,8504.063874140113,189.63631739899714,451.27015191218976,2510.9134093575685,NA,NA,NA
2023-11-01,Sviss,8501.492534243176,140.1380243829877,403.0575288446482,2575.1969067809578,NA,NA,NA
2023-12-01,Sviss,NA,NA,NA,NA,NA,NA,NA
2022-03-01,Meðaltal,6872.924601886271,7413.000159352586,397.00438477340276,4234.964693948381,297.48109418418244,148.9144938066115,NA
2022-04-01,Meðaltal,11854.758505746468,5164.043087320168,336.2100080485725,4265.347386751252,309.3159132424681,158.80368665063352,NA
2022-05-01,Meðaltal,14081.276451605772,2273.6575054942955,392.5687435531362,4266.941898301022,311.92833519572605,158.83912024062843,NA
2022-06-01,Meðaltal,15305.339481684829,1281.6683837043495,416.19650560880456,4301.992161276854,314.54075714898397,158.87455383062326,NA
2022-07-01,Meðaltal,16670.328341644385,998.4831324653691,418.457812897568,4260.795781054639,317.153179102242,158.90998742061814,NA
2022-08-01,Meðaltal,21698.51904492423,1406.5041424917215,486.38400491772876,4353.596353251197,316.3994100059876,159.33519050055654,NA
2022-09-01,Meðaltal,23038.48856911195,1168.6030192661817,564.4860797373248,4505.625781741903,315.6456409097331,159.76039358049496,NA
2022-10-01,Meðaltal,21749.659378993183,1046.028567767573,615.0465914245465,4691.545828444972,314.89187181347864,160.1855966604334,NA
2022-11-01,Meðaltal,22050.0073727315,876.7784145393618,613.6260265892977,4853.664166377853,325.1257368510871,168.84749879645148,NA
2022-12-01,Meðaltal,22684.796916254094,709.6446130044802,510.70755383147826,4959.742671116123,335.3596018886957,177.5094009324695,NA
2023-01-01,Meðaltal,23238.904175358373,665.4911386354214,534.1903602917131,4979.920490000473,345.59346692630425,186.1713030684875,NA
2023-02-01,Meðaltal,23754.279299362814,588.026868435733,471.1346762781195,5053.528941361629,334.7862219778697,180.1669201820845,NA
2023-03-01,Meðaltal,23228.03250570086,618.2356145240846,528.1602075216774,5042.454333870507,323.9789770294351,174.16253729568152,NA
2023-04-01,Meðaltal,23530.23593106072,422.45858733153386,434.9827507769925,5134.095261303596,313.17173208100047,168.15815440927852,NA
2023-05-01,Meðaltal,23869.28706877979,494.44353602383404,504.59042770418245,5197.875723294357,312.42440545565427,168.09050846474292,NA
2023-06-01,Meðaltal,24158.99532181328,510.73654495056496,534.5092626016669,5303.084494460027,311.6770788303079,168.0228625202072,NA
2023-07-01,Meðaltal,24437.513002879303,510.6495715933048,505.98200142034455,5409.655848222771,310.9297522049615,167.9552165756716,NA
2023-08-01,Meðaltal,24692.634850842347,494.55950050018095,579.9093550914544,5612.59368182974,215.5586341160489,111.641578367465,NA
2023-09-01,Meðaltal,24900.327227979535,472.9611167805822,629.4551776106412,5839.82607323137,212.2053280083528,108.41067920702393,NA
2023-10-01,Meðaltal,25228.9125717083,483.6878308426648,714.457138772874,6120.228177038026,208.85202190065675,105.17978004658283,NA
2023-11-01,Meðaltal,25486.12178024559,403.1215109006985,646.64691122906,6120.634052705241,0,0,NA
2023-12-01,Meðaltal,22057.197170265,247.52617476232749,330.99160661296474,2676.894980871341,0,0,NA
